product_desc,revenue,qty,mass_kg,transactions,cum_revenue,cum_pct,rank,abc_class
Shoulder Ribs Smoked P/Kg,5059321.67,36810.0,69528.77,3554,5059321.67,5.147729613341266,1,A
Russian Sausages 2kg,4478243.74,33066.0,66100.0,3579,9537565.41,9.704227385138042,2,A
Pork Meaty Bones 10Kg (Unit),3365763.24,13261.0,132520.0,3003,12903328.65,13.128804874405187,3,A
RTE: Mini Ribs p/kg,2880406.41,63396.0,25391.65,3370,15783735.06,16.059544278293494,4,A
Vienna 1 kg COMBO DEAL,2752264.13,27562.0,0.0,2682,18535999.19,18.859902209624227,5,A
Hamper 19 (4.65 Kg),2303189.4,11003.0,51104.47,2963,20839188.59,21.203338158719294,6,A
Eskort Chicken Viennas 2kg,2229030.92,16271.0,32532.0,3246,23068219.509999998,23.471319762651845,7,A
Econo Hamper,1682072.66,8101.0,40910.05,2695,24750292.169999998,25.182785411301484,8,A
Bacon Cutts 500g Promo,1662254.86,19125.0,0.0,2155,26412547.029999997,26.874086958400472,9,A
Eskort Smoked Viennas 2kg,1526561.82,14231.0,28462.0,3090,27939108.849999998,28.42732432893717,10,A
Breakfast Hamper,1317006.8,5478.0,30104.54,2198,29256115.65,29.76734485886956,11,A
Value Hamper,1307934.96,11070.0,34813.5,2827,30564050.61,31.098135025037493,12,A
Eskort Econo Russians 3kg,1257501.12,7619.0,22620.0,2537,31821551.73,32.3776100567632,13,A
Value Add Special P/Kg,1173807.28,28168.0,19355.91,2030,32995359.01,33.57192875988918,14,A
Executive Hamper,1156266.02,4020.0,26753.920000000002,1953,34151625.03,34.74839968233485,15,A
Champion Russian 2kg,1063304.81,7857.0,15712.0,2318,35214929.84,35.83028496567269,16,A
Chicken Polony 2.5kg,1061820.02,10592.0,26480.0,2990,36276749.86000001,36.91065951339198,17,A
French Polony 2.5kg,861819.89,11860.0,29630.0,2615,37138569.75000001,37.787539075216614,18,A
Pork Rib Burger Plain P/Kg (6kg),846319.45,1957.0,11470.0,681,37984889.20000001,38.6486473381968,19,A
RTE: Pork Stew & Pap 500g,842048.14,24222.0,109.44000000000001,1999,38826937.34000001,39.50540965316084,20,A
Toplay Large 60's Eggs,805578.4400000001,5799.0,22036.2,2080,39632515.78000001,40.325064986809004,21,A
Chicken Vienna 1kg,803278.9,11975.0,11975.0,2793,40435794.68000001,41.142380597678674,22,A
Eskort Red Vienna 2kg,789992.7,7544.0,15088.0,2558,41225787.38000001,41.946177841927316,23,A
Pork Meaty Bones 2kg Unit,785934.92,14683.0,29320.0,2893,42011722.30000001,42.74584639944028,24,A
RTE: Pork Meat of the day,757823.83,22846.0,4845.39,3239,42769546.13000001,43.516912646229585,25,A
Supreme Crumbed Nuggests 1kg,736962.71,9397.0,9397.0,2491,43506508.84000001,44.26675324021483,26,A
Smoked Spare Ribs p/kg,670741.98,7010.0,5555.48,2037,44177250.82000001,44.94921594540929,27,A
Pig Trotters Sliced 2 Kg,662566.7,11687.0,23374.0,2904,44839817.52000001,45.623360513569125,28,A
Pre-Cooked Marinated Cocktail Ribs 1Kg,653555.52,7682.0,7682.0,2082,45493373.040000014,46.288336437953596,29,A
Smoked Viennas 1kg,632444.75,41338.0,41338.0,2618,46125817.790000014,46.93183269708298,30,A
Pig Head P/kg No Cheeks,608543.87,6242.0,28210.99,1947,46734361.66000001,47.55101042582706,31,A
Supreme Crumbed Patties 1kg,604497.72,7663.0,7663.0,2317,47338859.38000001,48.166071301061194,32,A
Pork Trotters Mixed 10Kg,587436.98,2252.0,22670.0,1051,47926296.36000001,48.763773312350345,33,A
Eskort Marinated Rib Burger Catering 800g,586621.63,9595.0,7636.8,1542,48512917.99000001,49.360645725994985,34,A
French Polony 1Kg Combo Deal,572209.42,8180.0,0.0,1649,49085127.41000001,49.94285408681796,35,A
RTE: Pork Chop & Pap 500g,556419.29,13011.0,2782.0,1042,49641546.70000001,50.508996396675734,36,A
Griller 500g Combo,529171.83,5287.0,0.0,1574,50170718.53000001,51.047415117112024,37,A
Eskort Footlong Russians 1kg,526540.92,6530.0,6530.0,2188,50697259.45000001,51.58315695432159,38,A
RTE: Two Piece Chicken & Pap 300g,522422.79,14665.0,619.2,2777,51219682.24000001,52.1147087002234,39,A
Standard Rolls 6s,514932.05,23430.0,14049.0,3409,51734614.29000001,52.63863881092606,40,A
MCC Straight Cut Chips 10mm 2.5Kg,494310.02999999997,6229.0,15572.5,835,52228924.32000001,53.141586546922184,41,A
Eskort Marinated Rib Burger 500g,482438.44,13329.0,6663.5,2233,52711362.760000005,53.6324552455717,42,A
Sliced Pork Leg Chops 2kg,476442.08,4004.0,8008.0,1318,53187804.84,54.11722280221885,43,A
Chicken Polony 2 Kg,455822.19,5338.0,10676.0,2261,53643627.03,54.58101015137964,44,A
Russian Sausages 2kg Combo Deal,421799.14,1405.0,0.0,457,54065426.17,55.010179922642656,45,A
French Polony 1kg,399190.81,27831.0,27827.0,2677,54464616.980000004,55.41634629988561,46,A
Combo Deal 3,393653.38,3153.0,0.0,796,54858270.36000001,55.81687848459208,47,A
Russian 500g Combo,371451.93,4090.0,0.0,1046,55229722.29000001,56.1948212652087,48,A
Pork Meaty Bones p/kg,368283.38,1932.0,19289.56,327,55598005.67000001,56.569540127733106,49,A
Chips Frozen 2.5kg,358999.11,4905.0,12262.5,648,55957004.78000001,56.934812484434275,50,A
RTE : Marinated Loin Rib Ovenbaked P/kg,358648.22000000003,6366.0,2208.38,930,56315653.00000001,57.299727819589485,51,A
Eskort Bulk Pork Chops Bone-In 2.5kg,356438.71,1721.0,4300.0,1044,56672091.71000001,57.662395035174576,52,A
Chicken Polony 750g,355054.58,11051.0,8288.25,2853,57027146.29000001,58.02365393410093,53,A
RTE: Pap Per p/kg,353902.01,23149.0,11632.03,3234,57381048.300000004,58.38374012271007,54,A
Eskort Rindless Back Bacon 2kg,348246.87,1400.0,2800.0,924,57729295.17,58.738072351886636,55,A
Clover IWS Gouda Cheese 810g,342307.38,3131.0,2536.11,1296,58071602.550000004,59.086361302822475,56,A
Marinated Loin Ribs 750g,340923.35,4046.0,3034.5,1399,58412525.900000006,59.43324203884702,57,A
Red Viennas 1kg,335879.0,18891.0,18891.0,2087,58748404.900000006,59.7749902785472,58,A
Budget Hamper (4.65kg),335617.49,2027.0,9425.550000000001,1183,59084022.39000001,60.11647243855152,59,A
Rindless Back Bacon 1kg,331825.38,2636.0,2631.0,1448,59415847.77000001,60.45409622420899,60,A
Eskort Beef Burger Patties 3kg,330668.09,1256.0,3768.0,836,59746515.860000014,60.790542497070696,61,A
CHEDDAR LOAF P/Kg (± 2.0kg),325169.31,1487.0,2836.47,914,60071685.17000002,61.12139390277639,62,A
Butchery Chicken Hamper Chilled (3.6kg),318483.57,1631.0,5838.9800000000005,1130,60390168.74000002,61.44544274006877,63,A
Prego Steak Roll (braai),315632.45,8945.0,4825.0,955,60705801.19000002,61.76659063612585,64,A
Clover IWS Cheese Cheddar 810g,311471.15,2855.0,2569.5,1253,61017272.34000002,62.08350451651101,65,A
Supreme Coated Strips 1kg,311434.85,3684.0,3684.0,1590,61328707.19000002,62.40038146258024,66,A
Eskort Footlong Cheese Russian 1kg,304879.97,3630.0,3628.0,1656,61633587.16000002,62.71058898691889,67,A
Loin rib 750g Combo Deal,304288.17,1696.0,0.0,631,61937875.33000002,63.02019436998568,68,A
GOUDA LOAF P/Kg (± 2.0kg),298187.4,1413.0,2596.87,903,62236062.73000002,63.32359237656178,69,A
CHEDDAR MINI P/Kg (± 1.0kg),295996.26,2559.0,2516.14,1427,62532058.99000002,63.62476095457003,70,A
Eskort Beef Burger Patties (10x50g) 500g,291151.54,5281.0,2640.5,2153,62823210.530000016,63.92100015464206,71,A
Prego Steak p/kg,288074.81,5031.0,2555.16,1469,63111285.34000002,64.21410886110917,72,A
Combo Deal 5,270483.24,2406.0,0.0,593,63381768.58000002,64.48931859776552,73,A
Marinated Loin Ribs 2Kg,269691.44,1134.0,2268.0,690,63651460.02000002,64.76372269829638,74,A
CHEDDAR 500g P/Kg (± 500g),269154.5,4383.0,2240.92,2063,63920614.52000002,65.03758047619372,75,A
Supreme Crumbed Pops 1kg,266703.22,3257.0,3257.0,1613,64187317.74000002,65.3089441397671,76,A
Russian Sausages 500g,266041.59,12091.0,6044.5,2113,64453359.33000002,65.5796346118405,77,A
Eskort Beef Burger Patties 1.2kg,253044.23,2417.0,2900.4,1347,64706403.56000002,65.83710060456046,78,A
Diced Bacon 1kg,252473.26,2658.0,2658.0,1475,64958876.820000015,66.09398564999755,79,A
GOUDA 500g P/Kg (± 500g),248950.81,4380.0,2072.52,2012,65207827.63000002,66.34728669319891,80,A
Shoulder Bacon 1kg,247976.94,2190.0,2191.0,981,65455804.570000015,66.5995968487348,81,A
Spare Ribs Pre-Cooked Marinated 1Kg,244558.21,2098.0,2089.0,1063,65700362.780000016,66.84842853446604,82,A
Clover IWS Cheddar Proc 950g,243629.76,2033.0,1931.35,827,65943992.540000014,67.09631554621306,83,A
GOUDA MINI P/Kg (± 1.0kg),243567.19,2217.0,2065.07,1354,66187559.73000001,67.34413889459512,84,A
Bacon Cutts 500g,242459.72,30865.0,15432.5,1767,66430019.45000001,67.59083542074946,85,A
Rindless Back Bacon 200g,242052.21,23759.0,4748.6,2091,66672071.66000001,67.83711731596482,86,A
Shoulder Bacon 200g,241008.97,22374.0,4435.2,1821,66913080.63000001,68.08233774132471,87,A
Streaky Bacon 200g,231855.15,8467.0,1689.0,1509,67144935.78000002,68.31824439037963,88,A
Eskort Cheese Russian 500g,229659.95,6233.0,3116.5,1863,67374595.73000002,68.5519174799212,89,A
Eskort Burger & Chips Sauce 500ml,227911.44,6170.0,3081.5,2305,67602507.17000002,68.78381150553022,90,A
Eskort Cheese Griller 500g,222745.23,9038.0,4519.0,1759,67825252.40000002,69.01044904540056,91,A
Eskort Bulk Kampvuur Braaiwors 2.5kg,222517.71,1932.0,4830.0,1154,68047770.11000001,69.23685508952542,92,A
Butchery Plastic Bags,221515.34,182478.0,0.0,4481,68269285.45000002,69.46224124796815,93,A
Clover IWS Gouda Proc 950g,221435.83,1847.0,1754.6499999999999,784,68490721.28000002,69.68754650703183,94,A
Eskort Snack Platter 1kg,220827.94,2182.0,2182.0,1195,68711549.22000001,69.91223325366265,95,A
Coke 440ml,219414.42,16507.0,7261.76,3065,68930963.64000002,70.13548178006602,96,A
RTE : Assorted Salads P/kg,217985.26,18056.0,3134.12,3105,69148948.90000002,70.35727617294437,97,A
Bacon Cutts 1kg,213962.23,2460.0,2457.0,1064,69362911.13000003,70.57497723631786,98,A
Viennas 500g Combo,211770.13999999998,2648.0,0.0,475,69574681.27000003,70.79044790452296,99,A
Eskort Marinated Rib Burger 16 x 500g,209310.59,368.0,2941.0,68,69783991.86000003,71.0034160438919,100,A
Eskort Secret Rib Sauce 500ml,209057.18,5690.0,2843.5,2282,69993049.04000004,71.21612634510659,101,A
Clover Slice o Nice 810g,206615.0,1901.0,1539.8100000000002,1041,70199664.04000004,71.42635179101316,102,A
Eskort Chicken Vienna 500g,203746.83,5022.0,2511.0,2149,70403410.87000003,71.63365894774815,103,A
Streaky Bacon 1kg,201955.02,1354.0,1353.0,845,70605365.89000003,71.83914298391477,104,A
Round Cut Bacon 200g,195259.85,9807.0,1952.4,2013,70800625.74000002,72.03781485688575,105,A
Combo Deal 2,191997.59,1787.0,0.0,454,70992623.33000003,72.23316746425084,106,A
Chicken Polony 4 x 2.5kg,187555.79,533.0,5330.0,153,71180179.12000003,72.42400065441181,107,A
EDFP - Viennas 1Kg,187157.57,1761.0,0.0,526,71367336.69000003,72.61442866596973,108,A
French 2.5 kg PROMO Combo,186990.87,1151.0,0.0,584,71554327.56000003,72.80468706456715,109,A
Supreme Crumbed Schnitzel 960g,186586.86,2246.0,2156.16,1202,71740914.42000003,72.9945343933855,110,A
Eskort Deli Cheese Griller 1kg,185055.89,1722.0,1722.0,1078,71925970.31000003,73.18282399962362,111,A
Eskort Deli Mini Cheese Griller 1kg,183412.61,1697.0,1697.0,955,72109382.92000003,73.36944161074642,112,A
Eskort Econo Burger (10 X 100g) 1kg,182088.31,2587.0,2587.0,1393,72291471.23000003,73.55471178069595,113,A
Umlando No Pork Braaiwors 2.5kg,180318.05,1982.0,4955.0,1172,72471789.28000003,73.73818075664762,114,A
Bacon Special P/Kg,175620.63,4188.0,3107.62,745,72647409.91000003,73.91687022862274,115,A
Eskort Deli Shoulder Bacon 1kg,175528.87,1587.0,1587.0,690,72822938.78000003,74.09546633715904,116,A
Garlic Polony 1kg,174303.38,6700.0,6700.0,2027,72997242.16000003,74.27281554115449,117,A
Eskort Deli Footlong Cheesegriller 1kg,167917.21,1556.0,1556.0,946,73165159.37000002,74.44366698150314,118,A
Chief Chicken Polony 1 Kg,167739.53,5733.0,5733.0,1361,73332898.90000002,74.61433763702384,119,A
Bacon en Cheese Wors p/kg,167148.12,2668.0,1505.61,1282,73500047.02000003,74.78440654808762,120,A
Mini Ribs BBQ Marinated Bulk 2kg,166049.35,1089.0,2178.0,511,73666096.37000002,74.95335748894982,121,A
Sandwich Ham 2.5kg,163113.15,853.0,2132.5,623,73829209.52000003,75.119320921866,122,A
Chopped Ham Roll 500g Combo,162021.13,1889.0,0.0,1006,73991230.65000002,75.2841732525319,123,A
Eskort Econo Chilli Russians 3kg,156553.32,970.0,2910.0,575,74147783.97000001,75.44346222721985,124,A
Supreme Crumbed Cheese Nuggets 1Kg,156330.78,1798.0,1798.0,659,74304114.75000001,75.6025247731842,125,A
Shoulder Bacon 200g Combo,155604.62,2300.0,0.0,589,74459719.37000002,75.760848470034,126,A
Eskort Chicken & Cheese Vienna 500g,155373.53,3729.0,1864.5,1611,74615092.90000002,75.91893703875519,127,A
Crown National Spice Six Gun 200g,152184.91,6925.0,1385.0,2353,74767277.81000002,76.07378126867557,128,A
French Polony 750g,152049.55,5158.0,3868.5,2290,74919327.36000001,76.22848777327901,129,A
EDL Rindless Back Bacon,150844.99,1890.0,0.0,544,75070172.35000001,76.38196866907808,130,A
Eskort Mini Cheese Griller 400g,149494.23,3335.0,1334.0,1346,75219666.58000001,76.53407520133473,131,A
EDFP - Russians 500g,148394.34,1615.0,0.0,513,75368060.92000002,76.68506262381864,132,A
Viennas Special P/Kg,147432.28,4213.0,4239.76,811,75515493.20000002,76.83507117500815,133,A
French Polony 2kg,145790.13,2003.0,4006.0,1069,75661283.33000001,76.98340888082828,134,A
Eskort Sliced Sandwich Ham 180g,145565.98,7366.0,1325.7,2029,75806849.31000002,77.13151851979121,135,A
Eskort Footlong Chilli Cheese Russian 1kg,144803.47,1726.0,1726.0,974,75951652.78000002,77.27885232444997,136,A
Champion French Polony 3Kg,144114.0,2075.0,6225.0,942,76095766.78000002,77.42548461112509,137,A
Smoked Viennas 500g,142657.86,7586.0,3793.0,1902,76238424.64000002,77.57063531281942,138,A
RTE: Mini Eisbein P/kg,141896.66,3817.0,1060.29,1124,76380321.30000001,77.71501151310088,139,A
Toplay Large 48s,141421.76,1330.0,6360.0,577,76521743.06000002,77.8589045148524,140,A
Mexican Chilli Marinated Loin Ribs 750g,140887.4,1572.0,1179.0,878,76662630.46000002,78.00225381905402,141,A
Eskort Sliced Sandwich Ham 500g,139420.8,2727.0,1363.5,1399,76802051.26000002,78.14411089549402,142,A
Combo Deal 1,136534.78,1511.0,0.0,364,76938586.04000002,78.28303152084676,143,A
Smoked Viennas 6 x 1kg,135135.11000000002,486.0,2916.0,120,77073721.15000002,78.42052801799063,144,A
Combo Deal 6,134185.97,1143.0,0.0,326,77207907.12000002,78.55705878960768,145,A
Marinated BBQ Mini Ribs per kg,132807.34,1375.0,1432.24,802,77340714.46000002,78.69218684067447,146,A
CREAMLINE FC MILK (LF) 6 x 1L,132375.13999999998,1585.0,9510.0,665,77473089.60000002,78.82687513936258,147,A
Chopped Ham Roll 1kg,131610.01,2564.0,2564.0,1434,77604699.61000003,78.96078493796394,148,A
Bulk Kassler Chops P/Kg,130456.21,884.0,1434.62,605,77735155.82000002,79.09352077475474,149,A
Chicken Vienna 6 x 1kg,130376.08,338.0,2028.0,90,77865531.90000002,79.22617508133241,150,A
Russian Special P/Kg,129678.98,2376.0,2294.9,696,77995210.88000003,79.35812010659782,151,A
Eskort Bacon Cuts 200g,129528.91,9628.0,1924.6,782,78124739.79000002,79.48991243949979,152,A
Combo Deal 4,129445.20999999999,798.0,0.0,249,78254185.00000001,79.62161960980552,153,A
EDFP - Grillers 500g,127668.26,1174.0,0.0,448,78381853.26000002,79.75151877921053,154,A
Eskort Deli Mini Frikkadels 1kg,127493.51,1219.0,1219.0,705,78509346.77000003,79.88124014498719,155,A
Special Garlic Polony 500g,125954.59,3381.0,1690.5,1636,78635301.36000003,80.00939569926315,156,B
Creamline Full Cream Milk 6 x 1L,124960.98999999999,1401.0,8316.0,464,78760262.35000002,80.13654029110631,157,B
Spare Wide Belly Ribs per kg RW,124625.33,1124.0,1105.13,487,78884887.68000002,80.26334335753664,158,B
RTE: Mini Chips 200g,123212.13,8617.0,0.4,1755,79008099.81000002,80.38870852933128,159,B
RTE: Hotdog Plain,122782.41,10345.0,2367.4,1926,79130882.22000001,80.5136364720834,160,B
Eskort Crumbed Pork Fingers 450g,121672.81999999999,3051.0,1251.8,1602,79252555.04,80.63743543556238,161,B
Champion French Polony 2.5kg,120804.83,1747.0,4367.5,850,79373359.87,80.76035124155138,162,B
Eskort Spare Ribs Pre-Cooked Marinated 1Kg TM,120332.48,932.0,932.0,512,79493692.35000001,80.88278644356984,163,B
RTE: Trotters P/KG,120078.56,3335.0,1936.93,897,79613770.91000001,81.00496328852213,164,B
Eskort Marinated Rib Burger 800g,118744.98,1663.0,1330.4,1020,79732515.89000002,81.12578325013996,165,B
French Polony 6 x 1kg,117111.38,630.0,3780.0,141,79849627.27000001,81.24494106579338,166,B
Eskort Marinated Loin Ribs 750g TM,117054.6,1518.0,1138.5,504,79966681.87,81.36404110925787,167,B
Garlic Polony 1kg COMBO,113786.63,1522.0,0.0,552,80080468.5,81.47981607733837,168,B
Red Viennas 500g,113709.6,5757.0,2877.5,1599,80194178.1,81.595512669376,169,B
EDFP - Polony 1Kg,112900.08,1523.0,0.0,461,80307078.17999999,81.71038559564413,170,B
GOUDA ROUNDS P/Kg (± 500g),112805.44,1670.0,937.58,1157,80419883.61999999,81.8251622281475,171,B
6 Pork Loin Steaks in Sweet BBQ Marinade P/Kg,111899.54,1047.0,1214.46,696,80531783.16,81.9390171307114,172,B
Roundcut Bacon Combo Deal,110213.74,1391.0,0.0,404,80641996.89999999,82.05115677515411,173,B
Chicken Polony 10 x 750g,107603.68000000001,385.0,2887.5,134,80749600.58,82.1606407507086,174,B
Champion Russian 500g,104182.15,3332.0,1666.0,961,80853782.73,82.2666434075305,175,B
Smoked Mini Eisbein p/kg,104099.17,1289.0,987.94,599,80957881.9,82.37256163433761,176,B
Combo Deal 18,103072.84,685.0,0.0,198,81060954.74000001,82.47743559677915,177,B
Mini Ham 1kg,102103.34,1122.0,1122.0,844,81163058.08000001,82.58132311791773,178,B
French Polony 4 x 2.5kg,101591.73,340.0,3400.0,97,81264649.81000002,82.68469008904601,179,B
Loin Ribs Packed Butchery per kg RW,98337.29,1477.0,860.6,446,81362987.10000002,82.78474575121719,180,B
Coke 2L,98248.38,3884.0,7768.0,1249,81461235.48000002,82.88471094975117,181,B
Smoked Pork Shanks p/kg,97139.33,1366.0,1725.5,718,81558374.81000002,82.98354771844808,182,B
American Hot Dog Regular 380g,95157.53,2874.0,1092.12,1124,81653532.34000002,83.08036805664047,183,B
RTE: Chicken Portions p/kg,95131.02,4449.0,871.99,2161,81748663.36000001,83.17716142158999,184,B
Rib Burger (braai),94734.08,2886.0,1478.0,922,81843397.44000001,83.27355091030351,185,B
RTE: Braai Beverage - R15,94251.31999999999,7157.0,13.0,578,81937648.76,83.36944920313938,186,B
Eskort Prego Sauce 500ml,93986.05,2502.0,1251.0,1516,82031634.81,83.46507759057614,187,B
EDFP - Bacon 200g,93635.75,947.0,0.0,386,82125270.56,83.56034955677679,188,B
6 Pork Loin Steaks in Creamy Pepper Marinade P/Kg,92178.55,836.0,995.03,578,82217449.11,83.65413885947393,189,B
Mini Ham 500g,91368.39,2093.0,1046.5,1273,82308817.5,83.74710384521802,190,B
Eskort Creamy Mayo Sauce 500g,91152.5,2450.0,1225.0,1448,82399970.0,83.83984916844236,191,B
6 Pork Loin Chops in Sweet BBQ Marinade P/Kg,90780.12,660.0,988.03,500,82490750.12,83.93221560459875,192,B
Diced Bacon 200g,90288.13,4721.0,940.0,1153,82581038.25,84.02408145358996,193,B
Eskort Deli Footlong Cheese Russian 1.2kg,89959.07,945.0,1134.0,671,82670997.32,84.1156124924985,194,B
Smoked Gammon p/kg,89881.27,657.0,1177.99,348,82760878.58999999,84.20706437190898,195,B
Sandrivier Voortrekker Boerewors 2.5kg,88001.08,379.0,947.5,314,82848879.66999999,84.29660320637532,196,B
Boerewors Roll (braai),86533.17,2644.0,1820.0,877,82935412.83999999,84.38464848018873,197,B
Eskort Deli Rindless Back Bacon 1kg,84221.52,700.0,700.0,518,83019634.35999998,84.47034170961025,198,B
Mini Ribs Mexican Chilli Marinated 2kg,84026.62,560.0,1120.0,283,83103660.97999999,84.55583663329693,199,B
BC - Pepsi 750ml Regular,83630.53,9627.0,7220.25,1271,83187291.50999999,84.64092854560074,200,B
Berg-C Flavoured m/f processed cheese 800g,83294.44,1155.0,924.0,564,83270585.94999999,84.72567849497779,201,B
Chopped Ham Roll 500g,81638.96,5981.0,2990.5,1444,83352224.90999998,84.80874403605344,202,B
Eskort Braai Bacon 450g,81119.84,1643.0,739.35,602,83433344.74999999,84.89128138588705,203,B
Smoked Gammon (F) P/Kg,80720.62,583.0,1080.91,194,83514065.36999999,84.97341253964333,204,B
Eskort Bacon Griller 500g,80130.88,2353.0,1176.5,771,83594196.24999999,85.05494364812473,205,B
Eskort Sliced Bacon Loaf 180g,78847.45,3863.0,695.34,1663,83673043.69999999,85.13516889960621,206,B
Eskort Creamy Pepper Sauce 500ml,77592.67,2068.0,1034.0,1329,83750636.36999999,85.21411744472556,207,B
Liver Spread 500g Combo,77179.0,1309.0,0.0,838,83827815.36999999,85.29264509126439,208,B
Eskort Chillinaise Sauce 500ml,76560.12,2041.0,1018.0,1328,83904375.49,85.3705430433282,209,B
Eskort Crumbed Pork Schnitzel 500g,76445.04,1308.0,654.0,748,83980820.53,85.44832390445322,210,B
Shoulder Bacon 5 x 1kg,75382.73999999999,131.0,655.0,7,84056203.27,85.52502390266321,211,B
Dagbreek Nuts Peanut Snack 50g,75233.68,9505.0,9505.0,2322,84131436.95,85.6015722361588,212,B
Any 4 Combo Deal - ASST Bacon,73426.15,993.0,0.0,122,84204863.10000001,85.67628145439056,213,B
Powerade Mountain Blast 500ml,73205.45,5275.0,2637.5,1922,84278068.55000001,85.75076611605134,214,B
Chief Chicken Crumbed Patties 1Kg,72844.75,842.0,842.0,258,84350913.30000001,85.82488377474361,215,B
Eskort Secret Braai Spice 300g,72655.46,2036.0,610.8,1283,84423568.76,85.89880883573166,216,B
RTE: Chicken Burger,71465.18,2347.0,1236.0,542,84495033.94000001,85.97152281744786,217,B
Clover UHT Numel 6 x 1lt,70704.68000000001,1016.0,6096.0,537,84565738.62000002,86.04346300998317,218,B
Eskort Sliced Ham & Tongue Loaf 180g,70567.1,3544.0,637.92,1614,84636305.72000001,86.11526321840866,219,B
Lekker Bekkies p/kg,70530.37,1013.0,488.11,522,84706836.09000002,86.1870260550043,220,B
RTE: Pork Trotters & Pap 500g,69112.72,2151.0,0.5,641,84775948.81000002,86.25734646920372,221,B
RTE Combo 9: 2 x Russians & Chips 200g,68813.9,2094.0,1.0,895,84844762.71000002,86.32736284174236,222,B
Eskort Deli Pork Sausage 1kg,67911.56,673.0,673.0,437,84912674.27000003,86.3964611065499,223,B
Eskort Mini Cheese Viennas 350g,66599.13,2207.0,771.4,1016,84979273.40000002,86.46422400760375,224,B
Eskort Buckwurst 375g,65181.56,1776.0,668.73,825,85044454.96000002,86.53054456765933,225,B
RTE: Chips P/Kg,64813.37,3593.0,1026.47,1035,85109268.33000003,86.59649050386416,226,B
Supreme Crumbed Strips 1kg,64015.0,775.0,775.0,365,85173283.33000003,86.66162411913753,227,B
Smoked Eisbein p/kg,63982.659999999996,921.0,1084.83,478,85237265.99000002,86.72672482929306,228,B
Country Jelapeno Wors P/Kg,63522.98,1266.0,858.25,481,85300788.97000003,86.79135782687706,229,B
Sliced Chopped Ham Roll 180g,63015.01,3839.0,691.02,1531,85363803.98000003,86.85547397805706,230,B
Russian Sausages 4 x 2kg,63006.68,111.0,888.0,31,85426810.66000004,86.91958165367643,231,B
Pickled Beef Tongue (F) P/Kg,62969.22,923.0,962.05,466,85489779.88000004,86.9836512147097,232,B
Chilli Bacon & Cheese p/kg,62827.87,999.0,562.98,677,85552607.75000004,87.04757695575516,233,B
MCC Shoestring 7mm 2.5Kg,61554.87,513.0,1282.5,245,85614162.62000005,87.11020745205732,234,B
Chicken Viennas 1Kg Combo,61282.93,470.0,0.0,114,85675445.55000006,87.17256125640702,235,B
RTE: Burger R10,60657.61,6997.0,0.0,684,85736103.16000006,87.23427881374738,236,B
Sandrivier Voortrekker Boerewors p/kg,60629.17,956.0,646.78,591,85796732.33000006,87.29596743411955,237,B
Pig Tails 1.5kg,60553.83,915.0,1367.1,592,85857286.16000006,87.35757939798034,238,B
Eskort Marinated Chicken Braai Burger 800g,60400.48,1016.0,812.8000000000001,548,85917686.64000006,87.41903533216214,239,B
Meal Deal Combo 3 EXACT COMBO,58979.07,399.0,0.0,85,85976665.71000005,87.47904501824448,240,B
Footlong Cheese Russian Roll (braai),58733.53,1872.0,767.0,728,86035399.24000005,87.53880487369504,241,B
Eskort Honey Mustard Sauce 500ml,58664.25,1540.0,770.0,1073,86094063.49000005,87.5984942385283,242,B
Smoked Chicken Roll 2.5kg unit,58263.0,312.0,780.0,230,86152326.49000005,87.65777534181149,243,B
Beef Biltong p/kg,57678.73,581.0,199.82,480,86210005.22000006,87.71646196540404,244,B
Eskort Chicken Sausage 350g,57666.33,1420.0,497.0,277,86267671.55000006,87.77513597231565,245,B
6 Pork Loin Chops in Creamy Pepper Marinade P/Kg,56778.6,400.0,616.53,299,86324450.15000005,87.83290673679525,246,B
Clover Slice o Nice 360g,56433.19,1004.0,361.44,646,86380883.34000005,87.89032605548788,247,B
Combo Deal 20,56387.42,456.0,0.0,141,86437270.76000005,87.94769880438328,248,B
MICRO GRINDERS 2 Pack,56239.21,2118.0,337.65000000000003,973,86493509.97000004,88.00492075341738,249,B
EDFP - Back Bacon 200g,56199.86,506.0,0.0,264,86549709.83000004,88.06210266483903,250,B
Footlong Russian Roll (braai),55938.4,1731.0,804.0,589,86605648.23000005,88.11901854743857,251,B
Dry Wors p/kg,55595.19,1193.0,246.04,825,86661243.42000005,88.17558522269452,252,B
Chief Chicken Crumbed Nuggets 1Kg,55177.23,635.0,635.0,213,86716420.65000005,88.23172663440538,253,B
Eskort Cheese Griller 12 x 500g,55175.15,116.0,696.0,52,86771595.80000006,88.28786592976977,254,B
Pork Meaty Bones MPK 10Kg,54011.22,201.0,2010.0,92,86825607.02000006,88.34282095630927,255,B
Clover IWS Cheese Gouda 360g,53676.33,962.0,346.32,617,86879283.35000005,88.39743524089111,256,B
RTE: Boneless Rib P/kg,53143.82,1713.0,471.1,761,86932427.17000005,88.45150771025044,257,B
American Hot Dog Chilli Cheese 380g,53045.62,1741.0,657.78,764,86985472.79000005,88.50548026363666,258,B
Bonaqua Pump Still 750ml,52744.43,3626.0,2719.5,1716,87038217.22000006,88.55914636394803,259,B
Pig Trotters Mixed P/Kg,52312.06,676.0,1978.7,270,87090529.28000006,88.61237253891014,260,B
Eskort Chicken Vienna 125g,51783.73,5315.0,668.58,1522,87142313.01000006,88.66506115169214,261,B
Clover Aquartz Still Water 1.5Litres,51248.79,3080.0,4620.0,1462,87193561.80000007,88.71720547678918,262,B
Beef Biltong Chilli Bites p/kg,51103.07,1243.0,139.06,828,87244664.87000006,88.76920153553584,263,B
Pork Trotters Mixed 2 x 10Kg,50771.62,112.0,2240.0,4,87295436.49000007,88.82086035243636,264,B
MCC Skinny Fries 1Kg,50602.159999999996,784.0,784.0,437,87346038.65000007,88.8723467481474,265,B
Pig Heads Without Cheeks Each,50167.85,598.0,2644.36,181,87396206.50000006,88.92339124460904,266,B
Eskort Crumbed Pork Strips 480g,50134.77,860.0,412.8,603,87446341.27000006,88.97440208302189,267,B
Footlong Russian 1Kg Combo Deal,49684.09,326.0,0.0,115,87496025.36000006,89.02495436613161,268,B
French Polony 250g,49329.43,4527.0,1131.75,1326,87545354.79000007,89.07514579181739,269,B
Kassler Chops BI p/kg,48864.03,546.0,490.48,422,87594218.82000007,89.12486368497878,270,B
Eskort Cooler Bag,48671.57,160.0,160.0,152,87642890.39000006,89.17438575504252,271,B
Gold Medal Pork Sausages 750g,48661.229999999996,652.0,489.0,433,87691551.62000006,89.22389730442235,272,B
RTE: Small Chips in Box 300g,48617.58,2371.0,1.7999999999999998,859,87740169.20000006,89.27336444105038,273,B
Sliced Double Smoked Ham 180g,48245.57,2323.0,416.52,873,87788414.77000006,89.3224530670759,274,B
Curry Brawn 2.5kg,47943.61,377.0,942.5,265,87836358.38000005,89.37123445657143,275,B
Eskort Deli Mini Frikkadels 6 x 1kg,46515.270000000004,86.0,516.0,26,87882873.65000005,89.41856254687085,276,B
Spud Master Frozen Potato Chips 10mm 1.5Kg,46341.43,857.0,1285.5,428,87929215.08000006,89.46571375944352,277,B
Eskort Honey Glazed Pork Rasher VSP p/kg,46331.31,1045.0,339.01,491,87975546.39000006,89.51285467517657,278,B
RTE: Assorted Pork Chops P/kg,45020.78,1167.0,311.7,556,88020567.17000006,89.55866216035704,279,B
EDFP - Polony 2.5Kg,44845.73,274.0,0.0,194,88065412.90000007,89.60429153666686,280,B
Renown Pork Banger 750g,44821.36,749.0,561.75,506,88110234.26000006,89.64989611712878,281,B
Red Bull Energy Drink 355ml,44767.49,1756.0,619.06,1171,88155001.75000006,89.69544588625186,282,B
BBQ Pork Belly Ribs P/Kg,44666.45,435.0,412.22,251,88199668.20000006,89.74089284977491,283,B
Clover IWS Cheese Cheddar 360g,44582.02,799.0,287.64,547,88244250.22000006,89.78625390794551,284,B
Eskort Chicken Viennas 4 x 2kg,44322.92,93.0,744.0,20,88288573.14000006,89.83135133853321,285,B
Eskort Sauce Combo Deal,44298.81,648.0,0.0,177,88332871.95000006,89.87642423781634,286,B
Eskort Mini Viennas 350g,44061.57,1630.0,569.1,707,88376933.52000006,89.92125575150408,287,B
Red Bull Energy Drink 475ml,43839.8,1423.0,1423.0,1000,88420773.32000005,89.96586161992337,288,B
Liver Spread 500g,43835.479999999996,5090.0,2544.0,1285,88464608.80000006,90.01046309285384,289,B
RTE: Braai Beverage - R10,43634.07,5077.0,115.0,509,88508242.87000005,90.05485963629197,290,B
Mini Ribs Smoked Bulk P/Kg,43212.7,755.0,607.04,218,88551455.57000005,90.09882744659772,291,B
Eskort Bacon Spread 100g,43176.39,3521.0,352.1,1323,88594631.96000005,90.14275831241282,292,B
Eskort Macaroni & Cheese with Bacon 800g,43077.18,452.0,361.6,324,88637709.14000006,90.1865882346058,293,B
Chakalaka Bulk Wors 2.5kg,42734.67,420.0,1050.0,326,88680443.81000006,90.23006966168717,294,B
Eskort Breakfast Sausage 375g,42695.909999999996,984.0,370.81,497,88723139.72000006,90.27351165146592,295,B
Pork Chops 5kg SP - New,42406.950000000004,136.0,680.0,39,88765546.67000006,90.31665963188016,296,B
Eskort Smoked Viennas 4 x 2kg,42383.46,112.0,896.0,19,88807930.13000005,90.35978371182384,297,B
Eskort Smoked Variety Braai Pack P/Kg,42187.19,336.0,397.23,263,88850117.32000005,90.40270809209291,298,B
Marinated Rib Burger FR 500g,42173.44,874.0,437.0,515,88892290.76000005,90.4456184820908,299,B
Country Classic Wors P/Kg,41928.08,924.0,559.91,442,88934218.84000005,90.48827922460225,300,B
Bacon Roll 500g,41742.42,884.0,442.0,696,88975961.26000005,90.5307510628411,301,B
Bacon Roll 2.5kg,41481.54,180.0,450.0,174,89017442.80000006,90.57295746239289,302,B
Combo Deal 12,41456.58,506.0,0.0,116,89058899.38000005,90.61513846578694,303,B
French Polony 500g,41141.31,2083.0,1040.5,940,89100040.69000006,90.65699869006848,304,B
Streaky Bacon 25 x 200g,41121.44,54.0,270.0,47,89141162.13000005,90.69883869713631,305,B
Champion French Polony 2kg,40485.5,752.0,1504.0,510,89181647.63000005,90.74003165161808,306,B
Pepsi 2L Combo Deal,40456.28,1528.0,0.0,263,89222103.91000006,90.78119487550173,307,B
Eskort Sliced Curry Brawn 180g,40324.43,2683.0,482.94,1303,89262428.34000006,90.82222394540314,308,B
Liver Spread 250g,40210.0,3285.0,821.25,1644,89302638.34000006,90.86313658572404,309,B
Bacon Cutts 10 x 500g,40019.72,115.0,575.0,7,89342658.06000006,90.9038556210412,310,B
Cheese Twisters p/kg,39961.42,964.0,368.97,497,89382619.48000006,90.94451533760855,311,B
Eskort Hamburger Patties 600g,39882.07,623.0,373.8,458,89422501.55000006,90.98509431759268,312,B
Dagbreek - Peanut Brittle Biscuits 350g,38923.24,1115.0,415.95,799,89461424.79000005,91.02469771272435,313,B
Eskort Mustard Sauce 500g,38909.89,1067.0,533.5,803,89500334.68000005,91.06428752457452,314,B
Eskort Pepperoni Griller 500g,38682.99,887.0,443.5,366,89539017.67000005,91.10364647151327,315,B
BC - Pepsi Cola 2Lt,38245.020000000004,2522.0,5044.0,1177,89577262.69000004,91.14255979524681,316,B
Sweet Savory Fillet Espetada p/kg,37809.3,577.0,406.14,297,89615071.99000004,91.18102978509225,317,B
Eskort Family Braai Box P/Kg,37691.9,236.0,365.95,192,89652763.89000005,91.21938032345861,318,B
Seven Colours Grill Seasoning 200g,37690.68,2206.0,441.2,1077,89690454.57000005,91.25772962050637,319,B
RTE Pork Frikkadels 160g,37617.49,1883.0,0.0,555,89728072.06000005,91.29600444861244,320,B
Eskort Kampvuur Braaiwors 720g,37534.86,1145.0,822.96,677,89765606.92000005,91.33419520281973,321,B
Snack Hamper Combo,37442.18,182.0,0.0,134,89803049.10000005,91.37229165751187,322,B
Eskort Smoked Jalapeno Sausage R/Kg,37238.74,686.0,359.45,463,89840287.84000005,91.41018111723889,323,B
Eskort Footlong Russians 6 x 1kg,37169.73,80.0,480.0,38,89877457.57000005,91.44800036106668,324,B
Lunch Bar Large 44g,37143.48,2625.0,125.23,1310,89914601.05000006,91.48579289619492,325,B
Marinated Pulled Pork 500g,36985.43,483.0,241.5,327,89951586.48000006,91.5234246195151,326,B
Ham and Tongue Roll 500g,36949.59,825.0,412.5,543,89988536.07000007,91.5610198765575,327,B
Eskort Smoked Viennas 125g,36948.78,4213.0,530.55,1319,90025484.85000007,91.59861430944572,328,B
Monster Mega 553ml,36654.32,1557.0,859.87,927,90062139.17000006,91.63590913686097,329,B
Chief Chicken Crumbed Strips 1Kg,36635.79,422.0,422.0,197,90098774.96000007,91.67318511047804,330,B
Ham & Tongue Loaf 2.5kg,36567.2,185.0,462.5,178,90135342.16000007,91.71039129553506,331,B
RTE: Breakfast Bun,36359.47,1239.0,56.7,322,90171701.63000007,91.74738612066236,332,B
Red Viennas 6 x 1kg,36271.909999999996,136.0,816.0,71,90207973.54000007,91.78429185574272,333,B
Sliced Smoked Chicken Roll 180g,35824.94,1741.0,312.12,758,90243798.48000006,91.82074281034949,334,B
Rib Eye Steak With Paprika Onion P/Kg,35788.33,703.0,359.82,398,90279586.81000006,91.8571565152233,335,B
Eskort Marinated Chicken Braai Burger 500g,35600.07,640.0,320.0,413,90315186.88000005,91.89337867039139,336,B
Curry Brawn 500g,35513.62,1285.0,642.5,790,90350700.50000006,91.92951286490899,337,B
Combo Deal 15,35276.79,171.0,0.0,89,90385977.29000007,91.9654060909957,338,B
Liver Spread 100g,35250.62,4255.0,425.5,1515,90421227.91000007,92.0012726897808,339,B
Bacon Biltong p/kg,35162.19,1537.0,102.15,777,90456390.10000007,92.03704931331636,340,B
Red Bull Energy Drink 250ml,35141.799999999996,1758.0,439.5,1216,90491531.90000007,92.0728051905516,341,B
Garlic Polony 6 x 1kg,34946.71,192.0,1152.0,82,90526478.61000006,92.10836256873188,342,B
Chicken Polony 4 x 2 Kg,34529.84,119.0,952.0,35,90561008.45000006,92.143495792414,343,B
Sliced Chicken Polony 180g,34512.19,2437.0,457.43,1031,90595520.64000006,92.17861105767528,344,B
Eskort Sweet Chilli Biltong 50g,34310.14,1808.0,90.4,1005,90629830.78000006,92.21352074226071,345,B
Switch - Dry Lemon 500ml,34140.86,3060.0,1530.0,1350,90663971.64000006,92.24825818880203,346,B
Jimmy's Sauces Steakhouse 750ml,34138.229999999996,828.0,621.0,622,90698109.87000006,92.28299295938601,347,B
Kit Kat 4 Finger Milk 41.5g,34078.88,2754.0,111.09,1367,90732188.75000006,92.31766734287218,348,B
Powerade Naartjie 500ml,33661.840000000004,2358.0,1179.0,1310,90765850.59000006,92.3519173988896,349,B
Combo Deal 10,33518.21,531.0,0.0,195,90799368.80000006,92.38602131507785,350,B
Toplay Large 30's Eggs,33355.909999999996,523.0,941.4,309,90832724.71000005,92.41996009519241,351,B
MCC SIGNATURE HASH BROWN(CHOICE GRADE) 1.2KG,32827.98,303.0,363.59999999999997,205,90865552.69000006,92.45336172011662,352,B
Combo Deal 7,32662.64,304.0,0.0,92,90898215.33000006,92.48659511584532,353,B
Spiced Herbs & Paprika Espetadas P/Kg,32621.09,595.0,289.81,340,90930836.42000006,92.51978623551818,354,B
Spek Wors p/kg,32587.4,494.0,330.59,312,90963423.82000007,92.55294307648295,355,B
Eskort BBQ Bacon Biltong 50g,32223.23,1548.0,77.25,919,90995647.05000007,92.5857293838435,356,B
Eskort Fruity Chutney Bacon Biltong 50g,31810.9,1607.0,80.3,876,91027457.95000008,92.61809615603909,357,B
Value Hamper Combo,31624.66,162.0,0.0,81,91059082.61000007,92.65027343382697,358,B
Nestle Bar One 52g,31605.64,2487.0,127.05,1402,91090688.25000007,92.68243135925427,359,B
Renown Pork Banger 375g,31106.72,913.0,344.21999999999997,544,91121794.97000007,92.71408164641973,360,B
Garlic Polony 250g,31013.4,2935.0,733.75,1369,91152808.37000008,92.7456369828865,361,B
Eskort Pork Lasagne 800g,30359.8,273.0,218.4,194,91183168.17000008,92.7765272981716,362,B
Rindless Back Bacon 25 x 200g,30356.71,52.0,260.0,47,91213524.88000007,92.80741446946122,363,B
Six Gun Tub 1kg,30188.109999999997,362.0,362.0,301,91243712.99000007,92.83813009458925,364,B
Bacon Cherry Sticks p/kg,30182.31,411.0,200.87,249,91273895.30000007,92.86883981836651,365,B
Powerade Jag Ice 500ml,30046.48,1932.0,966.0,873,91303941.78000008,92.89941133861394,366,B
Dagbreek Peanut Brittle 250g Tub,29779.67,750.0,187.5,605,91333721.45000008,92.9297113865519,367,B
Eskort Chicken Polony 80g,29656.47,5171.0,413.68,1301,91363377.92000008,92.95988608166003,368,B
Minced Bacon 500g,29533.01,715.0,357.5,341,91392910.93000008,92.989935159395,369,B
Smoked Boneless Mini Pork Shanks p/kg,29118.670000000002,373.0,281.21,189,91422029.60000008,93.01956265684174,370,B
Chief Chicken Polony 750g,29003.4,2384.0,1784.25,529,91451033.00000009,93.04907287002959,371,B
Streaky Bacon 200g Combo Deal,28888.37,338.0,0.0,135,91479921.3700001,93.07846604315239,372,B
Coka Cola Less Sugar 1.5L,28625.41,1394.0,2088.0,747,91508546.78000009,93.10759166124161,373,B
PS Caramilk 48g,28463.579999999998,1985.0,97.23,1174,91537010.36000009,93.13655262147005,374,B
Monster Original 500ml,28407.71,1368.0,684.0,900,91565418.07000008,93.16545673541111,375,B
Chopped Ham Roll 1kg Combo Deal,28280.43,327.0,0.0,154,91593698.50000009,93.19423134522735,376,B
Pepsi Can 500ml,27808.45,2633.0,1316.5,1081,91621506.95000009,93.22252572753851,377,B
Switch - Vitamin C 500ml,27779.3,2481.0,1240.5,1119,91649286.25000009,93.25079045047475,378,B
Eskort Smoked Pork Necks VSP p/kg,27722.21,561.0,229.21,345,91677008.46000008,93.27899708580503,379,B
Eskort French Polony 80g,27678.75,4816.0,385.28000000000003,1069,91704687.21000008,93.30715950170361,380,B
MARINATED RIB BURGER COMBO,27396.52,406.0,0.0,128,91732083.73000008,93.3350347558395,381,B
Umlando No Pork Braaiwors 720g,27240.53,920.0,660.96,545,91759324.26000008,93.36275129416431,382,B
375g Sausages Combo,26997.12,317.0,0.0,211,91786321.38000008,93.39022016907754,383,B
Cheese Russian Combo,26614.3,369.0,0.0,131,91812935.68000008,93.41729953449142,384,B
Smoked Pork Neck Roast p/kg,26441.96,197.0,246.64,167,91839377.64000008,93.44420354838994,385,B
Beef Biltong Sticks p/kg,26016.09,644.0,93.6,499,91865393.73000008,93.4706742505219,386,B
Clover Pro Chs Slce 10x84x13.63g,25918.88,138.0,157.69,78,91891312.61000007,93.49704604398026,387,B
Eskort Mustard Belly Bites P/Kg,25734.94,457.0,182.5,236,91917047.55000007,93.52323068322174,388,B
Eskort Deli Crumbed Pork Fingers 1Kg,25586.54,270.0,270.0,193,91942634.09000008,93.54926432928184,389,B
Jimmy's Sauces Chips/Burger 750ml,25504.399999999998,438.0,328.5,374,91968138.49000008,93.57521440000556,390,B
RTE - Cooked Gammon P/Kg,25247.68,788.0,170.60999999999999,259,91993386.17000009,93.60090326473515,391,B
Fanta Orange 440ml,25215.13,1940.0,853.6,1056,92018601.30000009,93.62655901067733,392,B
Gold Medal Pork Sausages 375g,25145.31,726.0,273.65,350,92043746.61000009,93.6521437165661,393,B
Kenny's Pork Crackling Kaiings BBQ per kg,25047.67,439.0,89.71000000000001,364,92068794.28000009,93.67762907626734,394,B
Sliced French Polony 180g,25031.97,2031.0,365.58,752,92093826.25000009,93.70309846162257,395,B
French Polony 4 x 2kg,24981.37,115.0,920.0,32,92118807.6200001,93.72851636277983,396,B
Till Rounding,24737.75,0.0,0.0,3805,92143545.3700001,93.75368638685589,397,B
Switch Energy Kiwi Mango Strawberry 500ml,24408.09,2180.0,1089.5,1001,92167953.4600001,93.77852099036473,398,B
Clover Hamper (5Kg),24312.01,143.0,715.0,80,92192265.4700001,93.80325783494588,399,B
Eskort Red Viennas 125g,24310.95,2866.0,361.44,1016,92216576.4200001,93.82799360100431,400,B
French Polony 24 x 250g,24152.18,105.0,906.0,87,92240728.60000011,93.85256782267321,401,B
Sprite 440ml,24011.78,1836.0,807.84,981,92264740.38000011,93.87699919095483,402,B
Eskort Shoulder Bacon 25 x 200g,23834.399999999998,44.0,220.0,35,92288574.78000012,93.9012500796508,403,B
Chief Chicken Viennas Combo,23823.75,274.0,0.0,80,92312398.53000012,93.9254901322458,404,B
Tex Large 40g,23649.47,1847.0,73.88,1151,92336048.00000012,93.94955285942537,405,B
Eskort BBQ Spiced Espetada P/Kg,23440.96,309.0,196.44,165,92359488.96000011,93.97340343304526,406,B
Chopped Ham Roll 6 x 1kg,23348.93,83.0,498.0,63,92382837.89000012,93.99716036850829,407,B
Eskort Marinated Mini Ribs 1Kg,23261.14,333.0,333.0,148,92406099.03000012,94.0208279799053,408,B
Eskort Prego Marinated Rashers P/Kg,23002.12,466.0,165.99,262,92429101.15000013,94.04423204511741,409,B
Eskort Porchetta Wrapped with Bacon P/Kg,22814.66,203.0,184.55,148,92451915.81000012,94.0674453746032,410,B
Eskort Red Viennas 4 x 2kg,22791.99,63.0,448.0,13,92474707.80000012,94.09063563794732,411,B
Eskort Jalapeno Twisters P/Kg,22775.33,459.0,226.14,256,92497483.13000011,94.11380895017015,412,B
Breakfast Box 900g,22475.600000000002,198.0,178.20000000000002,157,92519958.73000011,94.13667729483059,413,B
Heidelberger Thin Boerewors p/kg,22362.19,478.0,228.19,302,92542320.9200001,94.15943024773428,414,B
Eskort Mini Frikkadels 650g Unit,21957.61,333.0,216.45000000000002,233,92564278.5300001,94.18177155089859,415,B
RTE: RACK OF RIBS & CHIPS,21868.29,134.0,536.0,55,92586146.82000011,94.20402197326126,416,B
GRATED CHEDDAR P/Kg (500g),21618.48,347.0,184.28,257,92607765.30000012,94.22601822037703,417,B
Tapas Box 1.2Kg,21546.260000000002,155.0,186.0,128,92629311.56000012,94.24794098550115,418,B
Transport Zone 5 : 51 - 75 KM,21520.75,33.0,33.0,10,92650832.31000012,94.26983779485668,419,B
Chopped Ham Roll 12 x 500g,21397.760000000002,75.0,450.0,60,92672230.07000013,94.29160946505199,420,B
Spath - Salami Sticks p/kg,21368.7,307.0,65.52,269,92693598.77000013,94.31335156744505,421,B
Cocktail Ribs Combo Deal,21225.04,125.0,0.0,53,92714823.81000014,94.33494749948477,422,B
Russian Sausages 12 x 500g,21168.09,40.0,240.0,28,92735991.90000014,94.35648548636492,423,B
Eskort Tomato Sauce 500g,21162.59,627.0,313.5,473,92757154.49000014,94.37801787713659,424,B
Value Add Special 2 P/Kg,21094.41,499.0,606.57,136,92778248.90000014,94.39948089651264,425,B
Legacy Springboks Doypack 200g,21092.14,1893.0,378.6,528,92799341.04000014,94.42094160622213,426,B
Prego Sosaties p/kg,21088.97,369.0,171.96,191,92820430.01000014,94.44239909053817,427,B
Clover Milk Full Cream 6 x 1litre,20918.1,190.0,190.0,132,92841348.11000013,94.46368271902602,428,B
Eskort Footlong Cheese Russian (6x1kg) Carton,20916.82,44.0,264.0,33,92862264.93000013,94.48496504514681,429,B
EDFP - Bacon 500g,20850.19,242.0,0.0,85,92883115.12000012,94.50617957695712,430,B
Eskort Mini Frikkadels BBQ Sauce 450g,20660.72,419.0,188.55,263,92903775.84000012,94.52720132791784,431,B
Powerade Orange 500ml,20619.850000000002,1449.0,724.5,823,92924395.69000012,94.54818149470522,432,B
Grapetiser 300ml,20551.14,1048.0,344.7,654,92944946.83000012,94.56909175083565,433,B
Eskort Kapana Polony 250g,20524.76,2393.0,598.25,734,92965471.59000012,94.58997516599489,434,B
Smoked Viennas 12 x 500g,20435.91,67.0,402.0,49,92985907.50000012,94.6107681785654,435,B
Spice Worcester Sauce Sprinkle Crown National 200g,20430.91,1024.0,204.8,713,93006338.41000012,94.63155610376457,436,B
Rib Eye Steak With BBQ Rub P/Kg,20366.43,400.0,202.34,258,93026704.84000012,94.65227842222293,437,B
Stoney 440ml,20328.63,1518.0,667.9200000000001,849,93047033.47000012,94.67296228015397,438,B
Clover IWS Cheese Gouda 180g,20248.1,665.0,119.7,423,93067281.57000011,94.69356420088218,439,B
Bonaqua Berry 750ml,20192.65,1383.0,1037.25,921,93087474.22000012,94.71410970266223,440,B
Monster Doctor 500ml,20175.579999999998,985.0,492.5,703,93107649.80000012,94.73463783615652,441,B
Crown National Spice BBQ with Garlic 200g,20138.45,929.0,185.8,687,93127788.25000012,94.75512819083124,442,B
Combo Deal 19,20138.3,91.0,0.0,27,93147926.55000012,94.77561839288482,443,B
Eskort Pepper Pork Pie 800g,19824.69,174.0,139.20000000000002,138,93167751.24000011,94.79578950483317,444,B
Appletiser 300ml,19752.2,986.0,322.17,671,93187503.44000012,94.81588686007184,445,B
Champion French Polony 750g,19740.93,852.0,639.0,506,93207244.37000012,94.83597274837551,446,B
Smoked Chicken Roll 4 x 2.5kg Box,19739.19,30.0,300.0,23,93226983.56000012,94.85605686627393,447,B
Eskort Chicken Vienna 12 x 500g,19610.57,50.0,300.0,44,93246594.13000011,94.87601011663199,448,B
RTE: HALF RACK OF RIBS & CHIPS,19450.22,221.0,386.75,90,93266044.35000011,94.89580021499117,449,B
Bonaqua Lemon 750ml,19326.02,1338.0,1003.5,889,93285370.37000011,94.91546394304623,450,B
Pickled Eisbein p/kg,19146.98,271.0,384.39,115,93304517.35000011,94.93494550250836,451,B
Beef Biltong (J) P/Kg,19145.12,165.0,55.69,141,93323662.47000012,94.95442516946832,452,B
Spice Portuguese Peri-Peri Crown National 200g,19067.56,740.0,740.0,561,93342730.03000012,94.97382592112406,453,B
Crown National BBQ Six Gun Grill 375ml,18953.36,544.0,205.73,415,93361683.39000012,94.9931104772184,454,B
Liver Spread 24 x 250g,18937.55,80.0,480.0,70,93380620.94000012,95.01237894704452,455,C
Eskort Pulled Pork Pie 800g,18863.6,166.0,132.8,124,93399484.54000011,95.03157217464853,456,C
Combo Deal 16,18849.84,271.0,0.0,32,93418334.38000011,95.05075140180662,457,C
Spath's Salami Pepper kg,18797.7,416.0,61.76,299,93437132.08000012,95.06987757785636,458,C
Crown National - Six Gun Grill Hot 200g,18661.53,825.0,165.0,584,93455793.61000012,95.08886520443502,459,C
RTE: 5 Samoosas Tub,18428.18,1109.0,0.0,254,93474221.79000013,95.10761540339323,460,C
Pickled Pork Shanks p/kg,18218.17,275.0,351.39,152,93492439.96000013,95.12615192258036,461,C
Gold Medal Pork Sausages Mini Pork 375g,18187.21,432.0,162.68,281,93510627.17000012,95.14465694076416,462,C
Red Viennas 250g,18173.03,1600.0,394.75,417,93528800.20000012,95.16314753116283,463,C
Dry Wors (J) P/Kg,18149.93,477.0,55.55,305,93546950.13000013,95.18161461790594,464,C
Eskort Smoked Pulled Pork 500g,18149.74,221.0,110.5,177,93565099.87000012,95.2000815113289,465,C
Pepsi Cola 500ml,18092.190000000002,1697.0,848.5,822,93583192.06000012,95.21848984910774,466,C
Spath's Salami Cervelat p/kg,17999.98,408.0,59.06,270,93601192.04000013,95.23680436558433,467,C
Pork Belly Roast Rind-On P/Kg,17906.62,172.0,186.74,106,93619098.66000013,95.25502389066325,468,C
Eskort Mini Frikkadels 350g,17857.16,420.0,147.0,315,93636955.82000013,95.27319309146486,469,C
GMPS 750g Combo,17820.64,142.0,0.0,107,93654776.46000013,95.2913251341062,470,C
KALAHARI PEPPER GRINDER REFILL 200g,17817.19,256.0,100.1,237,93672593.65000013,95.30945366646132,471,C
Eskort Butter Style Pork Curry 800g,17795.71,153.0,122.4,115,93690389.36000012,95.32756034346914,472,C
Curry Brawn 4 x 2.5kg,17704.86,40.0,400.0,35,93708094.22000012,95.34557458293972,473,C
Festive Smoked Belly Kebabs  P/Kg,17680.03,259.0,116.89,137,93725774.25000012,95.36356355852422,474,C
Miami - Mango Atchar (Hot) 400g,17653.49,505.0,202.0,424,93743427.74000011,95.38152553034163,475,C
Combo Deal 11,17527.61,336.0,0.0,63,93760955.35000011,95.3993594224982,476,C
Eskort BBQ Spare Ribs Pre-Cooked 1kg FR,17294.73,126.0,126.0,58,93778250.08000012,95.4169563652472,477,C
Creme Soda 440ml,17216.63,1309.0,575.96,724,93795466.71000011,95.43447384325584,478,C
Clover IWS Cheese Cheddar 180g,17088.19,574.0,103.32,385,93812554.90000011,95.4518606368695,479,C
Tonkies Crumbed Potato and Bacon Balls 400 g,17061.239999999998,441.0,176.4,265,93829616.1400001,95.46922000955162,480,C
Deboned Prime Rib Roast with Paprika P/Kg,16842.93,135.0,156.38,114,93846459.07000011,95.4863572574263,481,C
Champion French Polony 4 x 2.5kg,16775.62,69.0,690.0,23,93863234.69000012,95.50342601910798,482,C
Econo Hamper Combo,16747.13,59.0,0.0,49,93879981.82000011,95.52046579294775,483,C
Bonaqua Peach 750ml,16729.79,1143.0,857.25,819,93896711.61000012,95.53748792378371,484,C
Hamper 19 Combo,16721.059999999998,66.0,0.0,58,93913432.67000012,95.55450117206932,485,C
Eskort Cheesy Pork Schnitzels 525g,16702.11,230.0,120.14,158,93930134.78000012,95.57149513921756,486,C
Powerade Energy Drink Jagged Ice 500ml,16581.96,1362.0,1362.0,678,93946716.74000011,95.58836685683247,487,C
Jimmys Smokey BBQ 750ml,16581.16,308.0,231.0,268,93963297.90000011,95.60523776046796,488,C
BC - Pepsi Max 2Lt,16557.21,1161.0,2322.0,665,93979855.1100001,95.62208429559472,489,C
Smoked BBQ Marinated Loin Rib P/Kg,16330.87,197.0,170.8,77,93996185.98000011,95.63870053559566,490,C
Vienna 2Kg Promo,16327.78,313.0,0.0,51,94012513.76000011,95.6553136316011,491,C
Clover IWS Cheese Cheddar 400gr,16310.51,268.0,107.2,147,94028824.27000012,95.67190915582593,492,C
Eskort Chutney Sauce 500ml,16283.199999999999,552.0,276.0,330,94045107.47000012,95.6884768928285,493,C
Switch - Cranberry & Cherry 500ml,16059.85,1543.0,771.5,768,94061167.32000011,95.70481737695329,494,C
Dagbreek Choc Chip 350g Biscuits,16047.960000000001,503.0,176.04999999999998,381,94077215.2800001,95.72114576330901,495,C
Flingas Crumbed Pork Fingers 400 g,15853.41,430.0,172.0,267,94093068.6900001,95.73727620004588,496,C
Rindless Back Bacon 5 x 1kg,15835.73,29.0,145.0,3,94108904.4200001,95.75338864783771,497,C
Switch Element 500ml,15779.25,1427.0,713.5,923,94124683.6700001,95.76944362868286,498,C
Maynards Fruity Flavoured Jelly Beans 60g,15778.82,943.0,56.58,652,94140462.4900001,95.78549817201407,499,C
Crunchie 40g,15763.07,1098.0,43.92,768,94156225.56000009,95.80153669012556,500,C
Beef Burger 500g PROMO Combo,15737.67,181.0,0.0,57,94171963.2300001,95.81754936439064,501,C
Sauce - Jimmy's Shisanyama 750ml,15667.87,295.0,221.25,259,94187631.1000001,95.83349101895182,502,C
Crown National Spice Texan Steak 200g,15641.220000000001,546.0,109.2,435,94203272.3200001,95.84940555782374,503,C
Eskort Sticky Asian Pork Belly Cubes 600g,15630.970000000001,157.0,94.2,117,94218903.2900001,95.86530966758443,504,C
Eskort Bulk Pork Stewing Meat 3kg,15611.38,61.0,183.0,52,94234514.67000009,95.88119384502419,505,C
Switch - Bok Can 500ml,15554.04,1405.0,702.5,940,94250068.7100001,95.89701968048942,506,C
Spath's Salami Zigeuner kg,15540.19,351.0,50.980000000000004,250,94265608.9000001,95.91283142393603,507,C
Box Combo Deal,15477.32,89.0,0.0,62,94281086.22000009,95.9285791987754,508,C
Jimmy's Sauces Steakhouse 375ml,15453.849999999999,650.0,245.91,508,94296540.07000008,95.9443030934937,509,C
Miami - Mango Atchar (Mild) 400g,15431.570000000002,439.0,175.60000000000002,384,94311971.64000008,95.96000431888531,510,C
American hot dog combo,15420.77,169.0,0.0,81,94327392.41000007,95.97569455555482,511,C
Fanta Grape 440ml,15346.13,1214.0,534.16,709,94342738.54000007,95.99130884794496,512,C
Eskort Zesty Citrus Pork Fillets p/kg,15274.45,182.0,148.59,142,94358012.99000007,96.00685020777958,513,C
Pepsi Max 500ml,15198.550000000001,1430.0,715.0,840,94373211.54000007,96.02231434131724,514,C
Chief Polony 1Kg Combo Deal,14867.72,228.0,0.0,112,94388079.26000006,96.03744186384276,515,C
Crown National - PAPRIKA GROUND 150G,14807.96,570.0,85.5,419,94402887.22000006,96.05250858210603,516,C
Clover Aquartz Still Water 750ml,14787.18,1001.0,1001.0,669,94417674.40000007,96.06755415725404,517,C
Meal Deal Combo 1 EXACT COMBO,14781.800000000001,112.0,0.0,63,94432456.20000006,96.08259425839046,518,C
Red Viennas 12 x 500g,14721.55,50.0,300.0,44,94447177.75000006,96.09757305670222,519,C
Jimmy's Chip and Burger 375ml,14535.74,354.0,134.22,324,94461713.49000005,96.11236279812022,520,C
RTE: Chicken Liver P/Kg,14383.69,408.0,249.34,288,94476097.18000005,96.12699783257575,521,C
Sauce-a-licious Chillinaise 500ml,14378.13,331.0,165.5,288,94490475.31000005,96.14162720987436,522,C
Eskort Family Braai Box P/Kg UP,14374.08,83.0,124.85,72,94504849.39000005,96.15625246640218,523,C
Tootsies Crumbed Pork Nuggets 400 g,14333.17,376.0,150.4,259,94519182.56000005,96.1708360980577,524,C
Eskort Chicken Vienna 10 x 125g,14280.43,150.0,187.5,66,94533462.99000005,96.18536606812033,525,C
BC - Pepsi Cola 330ml,14246.89,1939.0,639.87,1124,94547709.88000005,96.199861912096,526,C
Toplay Combo,14165.14,36.0,0.0,23,94561875.02000006,96.21427457755024,527,C
Qualifresh Crushed Garlic Tub - 250g,14090.039999999999,589.0,206.14999999999998,492,94575965.06000006,96.22861083068696,528,C
Crumbed Chicken Burgers 960g (FLAND),14042.0,170.0,170.0,87,94590007.06000006,96.24289820435983,529,C
Chicken Hamper Combo Deal,14027.970000000001,75.0,0.0,53,94604035.03000006,96.25717130286871,530,C
Chilli Loaf 2.5kg,13996.32,75.0,187.5,37,94618031.35000005,96.27141219831701,531,C
Jalapeno Pork Sausages 375g,13903.61,339.0,128.26,256,94631934.96000005,96.2855587637259,532,C
Nou Gaan Ons Braai Sticky Chicken Sauce 750ml,13895.74,295.0,0.0,226,94645830.70000005,96.29969732161231,533,C
Chief Chicken Crumbed Schnitzels 1Kg,13833.47,160.0,160.0,89,94659664.17000005,96.31377252137607,534,C
Clover Aquartz Mineral Water Sparkling 1.5 lt,13831.77,827.0,1240.5,638,94673495.94000004,96.32784599143353,535,C
Deli Mini Cheese Griller 6 x 1kg,13811.5,25.0,150.0,13,94687307.44000004,96.34189883728762,536,C
Pig Trotters Sliced 10 x 2 Kg,13805.26,32.0,640.0,5,94701112.70000005,96.35594533410226,537,C
Stoney 2L,13782.62,561.0,1122.0,421,94714895.32000005,96.36996879529947,538,C
Miami - Vegetable Atchar (Hot) 380g,13647.86,388.0,147.44,332,94728543.18000005,96.3838551416643,539,C
ROYAL KALAHARI SALT & PEPPER 400g,13522.79,382.0,152.8,313,94742065.97000006,96.39761423252241,540,C
Toplay Large 18's Eggs,13509.710000000001,330.0,365.19000000000005,236,94755575.68000005,96.41136001481712,541,C
Powerade Island Burst 500ml,13493.81,962.0,481.0,651,94769069.49000005,96.42508961927095,542,C
Eskort Crumbed Pork Pieces 1.5kg,13426.77,100.0,150.0,88,94782496.26000005,96.43875101224985,543,C
Dagbreek Ginger 350g Biscuits,13400.92,423.0,148.04999999999998,330,94795897.18000005,96.4523861035189,544,C
Sprite 2L,13348.02,559.0,1118.0,375,94809245.20000005,96.46596737039918,545,C
Eskort Sliced Pepperoni Loaf 180g,13306.53,676.0,121.67999999999999,397,94822551.73000005,96.47950642227208,546,C
Pre-Cooked Marinated Cocktail Ribs  6 x 1Kg,13304.970000000001,30.0,180.0,5,94835856.70000005,96.49304388688513,547,C
Econo Burger Combo,13303.62,85.0,0.0,34,94849160.32000005,96.50657997790792,548,C
Nou Gaan Ons Braai Ext Hot Peri-Peri Sauce 750ml,13279.52,241.0,0.0,206,94862439.84000005,96.52009154780082,549,C
Pork Fat Cutting Fat without Rind,13272.1,342.0,358.3,5,94875711.94000004,96.53359556803467,550,C
Heidelberger Boerewors P/Kg,13162.99,197.0,132.81,139,94888874.93000004,96.54698857165111,551,C
BC - Pepsi Cola 600ml,13112.59,955.0,573.0,427,94901987.52000004,96.56033029456447,552,C
Switch - Jelly Babies 500ml,13049.67,1185.0,592.5,766,94915037.19000004,96.57360799799686,553,C
Feed The Future,13043.68,14254.0,14055.0,441,94928080.87000005,96.58687960675839,554,C
Tomahawk Mega Chops Per kg,12851.39,132.0,116.74,79,94940932.26000005,96.5999555653929,555,C
Water Still Bonaqua 1.5l,12679.03,833.0,833.0,383,94953611.29000005,96.61285615216256,556,C
"Spice B.B.Q Fiesta 200g, Crown National",12633.749999999998,632.0,126.4,503,94966245.04000005,96.62571066769735,557,C
Eskort Country Style Griller 500g,12628.14,301.0,150.5,86,94978873.18000005,96.63855947520152,558,C
Pastrami Roast (BBQ Rub) P/Kg,12556.87,93.0,104.78,73,94991430.05000006,96.65133576731458,559,C
Mini Griller Combo,12555.34,147.0,0.0,77,95003985.39000006,96.66411050269201,560,C
Chief Chicken Crumbed Pops 1Kg,12520.61,144.0,144.0,74,95016506.00000006,96.67684990118812,561,C
Clover Aquartz Still Water 500ml,12485.94,1105.0,552.5,776,95028991.94000006,96.68955402385134,562,C
Crown National Six Gun Grill Shaker 100g,12452.269999999999,613.0,61.300000000000004,482,95041444.21000005,96.70222388815596,563,C
Soft Drink Schweppes 1L Tonic Water,12450.46,1082.0,1082.0,218,95053894.67000005,96.71489191083215,564,C
Sunbake Sliced Bread White 700g,12445.99,716.0,501.2,377,95066340.66000004,96.72755538539836,565,C
Sliced Sandwich Ham MAP 125g,12443.61,585.0,72.98,294,95078784.27000004,96.74021643837581,566,C
Bosveld - Briquettes 4Kg,12442.4,244.0,976.0,192,95091226.67000005,96.7528762602094,567,C
Mediterranean Pork Sausages 375g,12436.44,300.0,113.2,157,95103663.11000004,96.76553001789637,568,C
BC - Mountain Dew 2Lt,12433.16,799.0,1598.0,542,95116096.27000004,96.77818043826771,569,C
Curry Brawn 12 x 500g,12341.34,41.0,246.0,35,95128437.61000004,96.79073743415178,570,C
Nou Gaan Ons Braai Basting Sauce 750ml,12336.45,247.0,0.0,199,95140774.06000005,96.80328945458668,571,C
EDFP - Chopped Ham Roll 500g,12259.86,141.0,0.0,99,95153033.92000005,96.81576354666736,572,C
Mini Ham 500g Promo,12259.47,153.0,0.0,83,95165293.39000005,96.82823724193308,573,C
Maynards EnerJelly Mini Babies 60g,12255.970000000001,727.0,43.62,435,95177549.36000004,96.84070737603886,574,C
Breakfast Hamper Combo,12234.48,41.0,0.0,34,95189783.84000005,96.85315564462265,575,C
IW Pork Loin Chops P/Kg (+-6kg),12193.67,25.0,147.15,23,95201977.51000005,96.86556239008152,576,C
Sliced Gypsy Ham MAP 125g,12167.449999999999,563.0,71.48,302,95214144.96000005,96.87794245736511,577,C
Meal Deal Combo 4 EXACT COMBO,12155.03,180.0,0.0,68,95226299.99000005,96.89030988761827,578,C
Smashies Mini Pork Sliders 400 g,11946.369999999999,323.0,129.20000000000002,208,95238246.36000006,96.90246501169065,579,C
RTE: 500g Mini Ribs & 400g Chips,11924.35,187.0,3.0,96,95250170.71000005,96.91459773097965,580,C
Beef Sticks (J) P/Kg,11857.31,394.0,27.26,207,95262028.02000006,96.92666223879371,581,C
Crown National - PEPPER BLACK GROUND 150G,11856.86,296.0,44.4,266,95273884.88000005,96.93872628874435,582,C
RTE: Pork Rashers P/kg,11783.66,362.0,74.65,190,95285668.54000005,96.95071585957857,583,C
Pepper & Feta Pork Sausages 375g,11729.36,284.0,107.31,202,95297397.90000005,96.96265018156002,584,C
Bosveld - Charcoal 4Kg,11684.14,257.0,1028.0,204,95309082.04000005,96.97453849335508,585,C
Miami - Vegetable Atchar (Mild) 380g,11663.17,331.0,125.78,297,95320745.21000005,96.98640546871472,586,C
Clover Krush 100% Fruit Juice Cranberry 500ml,11651.0,524.0,262.0,355,95332396.21000005,96.99826006141254,587,C
Fresh Pork Neck Roll p/kg,11631.73,75.0,105.46,61,95344027.94000006,97.0100950473812,588,C
Switch Original 500ml,11585.0,1039.0,519.5,732,95355612.94000006,97.02188248677732,589,C
Eskort Pork Belly Roast Spice P/Kg,11581.68,112.0,94.37,86,95367194.62000006,97.03366654815886,590,C
Spice Safari Biltong Seasoning Crown National 200g,11576.880000000001,533.0,533.0,410,95378771.50000006,97.04544572566391,591,C
Sliced Sandwich Ham MAP 250g,11564.789999999999,377.0,93.5,211,95390336.29000007,97.05721260190506,592,C
Olive Pride Blend 1 litre,11503.220000000001,115.0,115.0,109,95401839.51000006,97.06891683225552,593,C
Sunbake Sliced Bread Brown 700g,11498.97,605.0,423.5,360,95413338.48000006,97.08061673834035,594,C
Crumbed Chicken Strips 1Kg (FLAND),11481.4,139.0,139.0,72,95424819.88000007,97.0922987674023,595,C
RTE Combo 11: 2 x Cheese Grillers & Chips 200g,11441.17,392.0,0.0,174,95436261.05000007,97.10393986347444,596,C
Reboost Energy Normal 500ml,11416.84,1102.0,551.0,757,95447677.89000008,97.1155562043976,597,C
KALAHARI PEPPER GRINDER 50g,11352.890000000001,322.0,16.1,279,95459030.78000008,97.12710747784136,598,C
Liver Spread 20 x 500g,11322.71,33.0,330.0,31,95470353.49000007,97.13862804391168,599,C
Cooked and Smoked Loin Gammon 1Kg,11263.65,100.0,100.0,77,95481617.14000008,97.15008851795174,600,C
Reboost Dry Lemon Burst 500ml,11246.66,1086.0,543.0,774,95492863.80000007,97.16153170510397,601,C
Eskort Loin Chops VSP p/kg,11040.2,195.0,90.67,116,95503904.00000007,97.17276482451881,602,C
Catercorp Juice Lemon 500ml,11036.47,635.0,317.5,505,95514940.47000007,97.18399414875464,603,C
Pork Belly Roast Rindless P/kg,10972.59,88.0,104.21,66,95525913.06000008,97.1951584767342,604,C
Pork Chops B/I R/L p/kg,10924.98,256.0,120.5,150,95536838.04000008,97.20627436276389,605,C
Super C Energy Drink 500ml,10821.26,1015.0,507.5,603,95547659.30000009,97.21728471636247,606,C
Mague Nr 1 Smooth Creamy Vanilla 1L,10744.859999999999,412.0,412.0,341,95558404.16000009,97.22821733492697,607,C
Sauces Mustard H-SQ 500ml,10717.44,437.0,218.5,377,95569121.60000008,97.23912205434704,608,C
Eskort Sliced Trotters 10Kg,10712.67,39.0,390.0,20,95579834.27000009,97.25002192041484,609,C
Eskort Smoked Vienna 10 x 125g,10669.65,141.0,176.25,64,95590503.92000009,97.26087801473963,610,C
Executive Hamper Combo,10543.16,31.0,0.0,30,95601047.08000009,97.27160540874425,611,C
Meal Deal Combo 2 EXACT COMBO,10511.73,143.0,0.0,57,95611558.81000009,97.28230082353264,612,C
Clover Krush Cranberry 1Lt,10510.2,540.0,540.0,237,95622069.0100001,97.29299468158537,613,C
Crown National Spice Braai 200g,10465.86,548.0,109.60000000000001,414,95632534.8700001,97.30364342482906,614,C
BC - Mirinda 2Lt Orange,10461.86,721.0,1442.0,448,95642996.7300001,97.3142880981757,615,C
Grapetizer 275ml,10440.87,541.0,150.28,377,95653437.6000001,97.32491141473743,616,C
BC - Pepsi Max 330ml,10434.210000000001,1453.0,479.49,951,95663871.81000009,97.33552795492054,617,C
Bacon Cutts 200g Combo,10433.81,120.0,0.0,45,95674305.6200001,97.34614408811393,618,C
Pork Fingers Combo Deal,10259.68,148.0,0.0,75,95684565.3000001,97.35658304851303,619,C
Onion 7kg C2,10233.13,158.0,1106.0,37,95694798.4300001,97.3669949949703,620,C
Krush Juice 100% 6 Fruits & Vitamins 1Lt,10230.2,509.0,509.0,305,95705028.6300001,97.37740396022797,621,C
Kiddos Combo Deal,10190.550000000001,96.0,0.0,57,95715219.1800001,97.38777258263092,622,C
Creme Soda 2L,10187.26,478.0,956.0,347,95725406.4400001,97.3981378575435,623,C
Deboned Smoked Prime Rib Roast P/Kg,10124.12,65.0,83.39,57,95735530.5600001,97.40843888913082,624,C
BC - Refreshhh 2Lt Ginger Beer,10118.869999999999,773.0,1546.0,559,95745649.43000011,97.41873457897823,625,C
Double Smoked Diced Bacon 500g,10115.75,206.0,103.0,48,95755765.18000011,97.42902709430592,626,C
Pickled Mini Hocks per kg,10043.02,120.0,106.17,79,95765808.2000001,97.43924560873008,627,C
RTE: Half Chicken & 200g Chips,10039.050000000001,231.0,82.64,138,95775847.2500001,97.44946008378139,628,C
Eskort Mini Frikkadels Cape Malay 450g,10035.48,214.0,96.3,142,95785882.73000011,97.45967092644958,629,C
Eskort Monkey Gland Bacon Burger 500g,9991.5,227.0,113.0,131,95795874.23000011,97.46983702059944,630,C
Maynards Mini Wine Gums 60g,9945.0,589.0,35.339999999999996,359,95805819.23000011,97.47995580219585,631,C
Krambals - Creamy Cheese 70g,9938.28,356.0,24.92,248,95815757.51000011,97.49006774636517,632,C
Sauces Retail Prego - 500ml,9915.1,242.0,121.0,216,95825672.6100001,97.50015610548095,633,C
Soft Drink Swhweppes Dry Lemon 1Lt,9907.58,741.0,741.0,297,95835580.1900001,97.51023681319025,634,C
BC - Pepsi Light 2Lt,9878.02,626.0,1252.0,437,95845458.2100001,97.52028744436016,635,C
Valpre Spring Water 500ml,9850.99,832.0,416.0,565,95855309.20000009,97.53031057320062,636,C
Fanta Orange 2L,9844.35,420.0,840.0,283,95865153.55000009,97.54032694601193,637,C
Bacon Roll 4 x 2.5kg,9837.380000000001,12.0,120.0,8,95874990.93000008,97.55033622702759,638,C
Beef Chilli Bites (J) P/Kg,9768.539999999999,259.0,22.51,156,95884759.47000009,97.56027546511464,639,C
Maynards Jelly Babies 75g,9742.24,590.0,45.7,384,95894501.71000008,97.57018794362844,640,C
Eskort  Kapana Polony 80g,9588.67,690.0,272.40000000000003,293,95904090.38000008,97.5799441686189,641,C
Mongola Polony 500g,9515.39,637.0,318.5,285,95913605.77000009,97.58962583309496,642,C
Retail Whip 500ml,9466.37,179.0,89.5,147,95923072.14000009,97.59925762098243,643,C
Spath's Salami Sticks Cocktail Loose P/kg,9364.46,170.0,29.04,152,95932436.60000008,97.60878571806721,644,C
Spice Chilli Bite Seasoning Crown National 200g,9351.72,431.0,431.0,359,95941788.32000008,97.61830085252983,645,C
Clover Mageu Banana Custard 1Lt,9333.949999999999,358.0,358.0,301,95951122.27000009,97.6277979064747,646,C
Liver Spread 20 x 100g,9288.960000000001,81.0,162.0,57,95960411.23000008,97.63724918425224,647,C
RTE Kota 1,9261.36,255.0,21.599999999999998,109,95969672.59000008,97.64667237974,648,C
Mini Ham 12 x 500g,9259.55,19.0,114.0,16,95978932.14000008,97.65609373359932,649,C
Mountain Dew 500ml,9251.6,871.0,435.5,607,95988183.74000007,97.6655069985382,650,C
Combo Deal 14,9216.5,106.0,0.0,35,95997400.24000007,97.67488455013029,651,C
Ham & Tongue Loaf 4 x 2.5kg,9120.55,13.0,130.0,8,96006520.79000007,97.68416447506634,652,C
Sauce-a-licious Mexican Chilli 500ml,9103.970000000001,283.0,141.5,250,96015624.76000006,97.69342753027902,653,C
Cheesy Wiggles Mini Cheese Viennas 400 g,9069.15,244.0,97.2,167,96024693.91000007,97.7026551570377,654,C
KALAHARI SALT & PEPPER GRINDER COMBO 2 Pack,9064.26,130.0,24.53,122,96033758.17000008,97.71187780834721,655,C
Fanta Pineapple 440ml,9034.11,755.0,332.2,386,96042792.28000008,97.72106978280753,656,C
7 Up 500ml Sugar Free,9023.81,854.0,427.0,603,96051816.09000008,97.73025127728289,657,C
Sauces Tomato H-SQ 500ml,9014.539999999999,364.0,182.0,320,96060830.63000008,97.73942333977179,658,C
Clover IWS Cheese Gouda 400gr,9007.31,148.0,59.2,86,96069837.94000009,97.74858804592172,659,C
BC - 7 Up 2Lt Sugar Free,9005.31,585.0,1170.0,408,96078843.25000009,97.75775071712313,660,C
Eskort Cheese & Jalapeno Wors Pinwheel P/Kg,8956.48,268.0,89.12,139,96087799.7300001,97.76686370505601,661,C
RTE: Roast Plate,8867.6,172.0,0.25,31,96096667.33000009,97.77588625987595,662,C
Eskort Deli Smoked Pulled Pork 1kg,8854.3,68.0,68.0,49,96105521.63000008,97.7848952822881,663,C
Krush Juice 100% Red Grape 500ml,8816.57,396.0,198.0,296,96114338.20000008,97.79386591539614,664,C
Eskort Deli Crumbed Pork Nuggets 1Kg,8776.93,92.0,92.0,85,96123115.13000008,97.8027962158242,665,C
Eskort Beef Burger Patties (12x10x50g) 6kg,8756.33,15.0,90.0,3,96131871.46000008,97.81170555628232,666,C
Peppadew - Jalapeno Atchar 400g,8733.0,205.0,82.0,146,96140604.46000008,97.82059115906576,667,C
Chakalaka Braaiwors 720g,8719.92,291.0,169.92,205,96149324.38000008,97.82946345328578,668,C
Switch Ginger Pine Limited Edition 500ml,8573.29,761.0,380.5,530,96157897.67000009,97.83818655525388,669,C
Bosveld - Firelighters,8567.56,403.0,80.60000000000001,306,96166465.2300001,97.84690382709441,670,C
Krambals - Tomato&Mozzarella 70g,8553.54,311.0,21.77,209,96175018.7700001,97.85560683394571,671,C
Sliced Cooked Ham MAP 125g,8519.31,411.0,52.120000000000005,240,96183538.0800001,97.86427501265281,672,C
Eskort Deli Crumbed Pork Frikkadels 1Kg,8502.99,89.0,89.0,66,96192041.0700001,97.87292658617984,673,C
Kenny's Pork Crackling BBQ per kg,8474.31,236.0,30.47,207,96200515.3800001,97.88154897854487,674,C
Pork Rib Eye Steak VSP p/kg,8471.210000000001,175.0,73.1,105,96208986.5900001,97.89016821673965,675,C
Catercorp 1000 Island Dressing 500 ml,8433.18,194.0,97.0,179,96217419.7700001,97.89874876038806,676,C
Skilpadjies p/kg,8369.14,232.0,140.69,134,96225788.9100001,97.90726414498431,677,C
Crown National - TURMERIC GROUND 150G,8319.439999999999,321.0,48.15,282,96234108.3500001,97.91572896110942,678,C
Sliced Pork Pastrami MAP125g,8307.49,401.0,50.95,233,96242415.8400001,97.92418161841705,679,C
RTE: Kota 2,8279.0,192.0,0.4,119,96250694.8400001,97.93260528788277,680,C
Gold Medal Pork Sausages 500g,8264.52,184.0,91.0,79,96258959.36000009,97.9410142243211,681,C
Krambals - Green Olive & Sea Salt 70g,8226.79,293.0,20.51,199,96267186.1500001,97.94938477145527,682,C
Fanta Grape 2L,8212.11,345.0,690.0,264,96275398.2600001,97.9577403820672,683,C
Standard Bread,8198.37,923.0,397.5,301,96283596.6300001,97.9660820125827,684,C
Krush Juice 100% Berries 500ml,8184.71,364.0,182.0,272,96291781.3400001,97.97440974439967,685,C
EDFP - Sausages 375g,8168.89,91.0,0.0,62,96299950.2300001,97.98272137977374,686,C
Premium - Pork Fillet Creamy Black Pepper p/kg,8159.63,94.0,78.74,72,96308109.86000009,97.99102359333607,687,C
Spiced Shoulder Roast on the Bone P/Kg,8143.44,41.0,76.21,34,96316253.30000009,97.99930933399,688,C
Catercorp Burger & Chip Sauce 500 ml,8137.62,186.0,93.0,169,96324390.92000009,98.00758915294371,689,C
Pork Fillet p/kg,8123.79,115.0,84.07,71,96332514.7100001,98.01585490022828,690,C
French Polony 10 x 750g,8092.95,32.0,240.0,29,96340607.6600001,98.02408926860643,691,C
Eskort Creamy Black Pepper Pork Fillets p/kg,8066.99,90.0,78.28,76,96348674.6500001,98.03229722335256,692,C
Takis - Chop Stix Traditional 7g,8005.96,1258.0,9.0,503,96356680.61000009,98.04044308164411,693,C
Eskort Econo Russians 4 x 3kg,7971.64,16.0,192.0,2,96364652.25000009,98.04855402021879,694,C
CREAMLINE DAIRY BLEND 6 x 1L,7859.97,135.0,810.0,67,96372512.22000009,98.05655133744195,695,C
Reboost Booster 300ml,7852.17,1809.0,542.7,256,96380364.39000009,98.0645407183658,696,C
Crumbed Chicken Schnitzel 1Kg (FLAND),7847.0,95.0,95.0,49,96388211.39000009,98.0725248389477,697,C
Clover Aquartz Mineral Water Sparkling 500ml,7819.37,692.0,346.0,536,96396030.7600001,98.08048084671557,698,C
Mini Ham 6 x 1kg,7774.58,16.0,96.0,11,96403805.3400001,98.08839128181098,699,C
Eskort Deli Pork Sausage 6 x 1kg,7748.12,16.0,96.0,2,96411553.4600001,98.09627479453725,700,C
Eskort Cheese Russian 12 x 500g,7743.36,17.0,102.0,10,96419296.8200001,98.104153464086,701,C
Krush Juice 100% Orange 1lt,7714.1,384.0,384.0,238,96427010.92000009,98.11200236233766,702,C
Appletizer 275ml,7673.01,401.0,111.36000000000001,275,96434683.9300001,98.11980945257164,703,C
RISI MARIE 150 GR,7644.67,880.0,132.0,320,96442328.6000001,98.12758770758488,704,C
Sauce-a-licious Garlic & Herb 500ml,7642.92,175.0,87.5,163,96449971.5200001,98.13536418201815,705,C
Casual Day NCPD Sticker,7622.64,363.0,0.01,113,96457594.1600001,98.14312002207325,706,C
Krush Juice 100% Apple 1Lt,7602.05,374.0,374.0,241,96465196.2100001,98.15085491233317,707,C
Sliced Ham 180g Combo Deal,7564.07,138.0,0.0,50,96472760.28000009,98.15855115892037,708,C
Kenny's Pork Crackling Kaiings BBQ 90g,7555.04,248.0,248.0,214,96480315.3200001,98.16623821771498,709,C
Mirinda 500ml Orange,7520.62,706.0,353.0,509,96487835.9400001,98.17389025504525,710,C
Cold Meat Ham Selection P/Kg,7507.34,502.0,402.79,104,96495343.2800001,98.18152878031724,711,C
Deboned Lemon & Herb Thighs 1Kg,7477.65,86.0,86.0,58,96502820.93000011,98.18913709677821,712,C
Pickled Eisbein P/Kg UP,7450.43,108.0,137.56,55,96510271.36000012,98.1967177175896,713,C
Combo Deal 17,7390.59,85.0,0.0,24,96517661.95000012,98.20423745274081,714,C
Sauces Hamburger MN Distributors 500ml,7321.17,294.0,147.0,266,96524983.12000012,98.2116865548283,715,C
Bacon Biltong Tubs Promo,7290.58,93.0,0.0,51,96532273.70000012,98.21910453237793,716,C
RTE: Braai Small Chips - R15,7233.11,552.0,4.45,122,96539506.81000012,98.22646403568139,717,C
Clover Butter Butro 500g,7224.98,88.0,88.0,82,96546731.79000013,98.23381526691904,718,C
Spice Greek Sprinkle Crown National 200g,7211.32,228.0,45.6,203,96553943.11000012,98.24115259945816,719,C
Kenny's Pork Crackling Kaiings Sweet Chilli 90g,7189.88,236.0,236.0,201,96561132.99000011,98.24846811734899,720,C
Krush Juice 100% 6 Fruits & Fibre 500ml,7179.73,328.0,328.0,262,96568312.72000012,98.25577330787601,721,C
BC - Refreshhh 2Lt Cola,7156.51,546.0,1092.0,439,96575469.23000012,98.26305487265053,722,C
BC - Pepsi Max 600ml,7151.78,554.0,332.4,358,96582621.01000012,98.27033162477174,723,C
RB - Oorspronklike Peri 550ml,7132.49,91.0,50.050000000000004,84,96589753.50000012,98.27758874981433,724,C
Jimmys Peri Peri  375ml,7085.61,163.0,61.84,151,96596839.11000012,98.28479817566323,725,C
Sliced Knuckles 5Kg,7075.7699999999995,31.0,155.0,30,96603914.88000011,98.29199758956531,726,C
Krush Juice 100% Apple 500ml,7070.25,323.0,161.5,249,96610985.13000011,98.29919138700946,727,C
Clover Amasi Medium Cream 2 kg,7066.17,183.0,366.0,155,96618051.30000012,98.30638103315859,728,C
Eskort Deli Crumbed Potato & Bacon Balls 1Kg,7057.19,74.0,74.0,57,96625108.49000011,98.31356154238878,729,C
Schweet & Spicy NGOB 750ml,6929.15,151.0,113.25,122,96632037.64000012,98.32061177421369,730,C
Maynards Mini Wine Gums 75g,6928.0,419.0,32.76,325,96638965.64000012,98.32766083594319,731,C
Fanta Pineapple 2L,6923.28,300.0,600.0,212,96645888.92000012,98.33470509519415,732,C
Sprite 1.5L,6877.2699999999995,332.0,498.0,275,96652766.19000012,98.34170254045402,733,C
Wim Whams Crumbed Pork Frikkadels 400 g,6863.78,173.0,69.2,135,96659629.97000012,98.34868625998602,734,C
Eskort Mini Cheese Griller 12 x 400g,6828.51,13.0,62.4,12,96666458.48000012,98.35563409320059,735,C
Sauce-a-licious Peri Peri 500ml,6806.1,211.0,105.5,193,96673264.58000012,98.36255912481681,736,C
Krush Juice 100% Orange 500ml,6774.78,302.0,151.0,257,96680039.36000012,98.36945228913895,737,C
Eskort French Polony 20 x 80g,6764.47,58.0,92.8,44,96686803.83000012,98.37633496330139,738,C
Tropika Tropical 2 Lt,6763.97,222.0,440.0,170,96693567.80000012,98.38321712872668,739,C
BC - Refreshhh 2Lt Apple,6719.49,528.0,1056.0,435,96700287.29000011,98.39005403689653,740,C
MCC SIGNATURE SMILES CHOICE GRADE 1.5 KG,6704.0,47.0,70.5,42,96706991.29000011,98.39687518438997,741,C
Gold Medal Pork Sausages 12 x 375g,6696.55,16.0,67.5,14,96713687.84000011,98.40368875170013,742,C
Tinkies - Vanilla Whizz 45g,6636.91,764.0,34.77,156,96720324.7500001,98.41044163684491,743,C
Retail portuguese marinade 750ml,6587.17,161.0,120.75,148,96726911.9200001,98.41714391281961,744,C
Recycle - Used Cooking Oil P/L/Kg,6546.1,92.0,508.0,29,96733458.0200001,98.42380440112612,745,C
Gold Medal Pork Sausages 6 x 750g,6536.349999999999,16.0,72.0,6,96739994.3700001,98.4304549690585,746,C
Kenny's Pork Crackling Kaiings Fruit Chutney 90g,6491.74,213.0,213.0,176,96746486.11000009,98.43706014746378,747,C
Krambals - Forest Mushrooms &Butter 70g,6441.97,226.0,15.82,151,96752928.08000009,98.44361468617475,748,C
Rib Burger 500g Combo,6434.33,86.0,0.0,47,96759362.41000009,98.45016145138231,749,C
Pork Meaty Bones 2 x 10Kg (Box),6409.34,14.0,280.0,14,96765771.75000009,98.45668278990792,750,C
Miami - Boerie Relish 450g,6398.28,289.0,130.05,175,96772170.03000009,98.46319287516812,751,C
Chief Pol 750g Combo,6364.22,122.0,0.0,36,96778534.25000009,98.46966830525473,752,C
Champion Russian 12 x 500g,6353.719999999999,17.0,102.0,3,96784887.97000009,98.47613305186154,753,C
BC - Refreshhh 2Lt Cream Soda,6325.66,491.0,982.0,403,96791213.63000008,98.48256924814038,754,C
Eskort Bacon & Chicken Soup 600g,6306.85,122.0,73.2,74,96797520.48000008,98.48898630572823,755,C
Iron Brew 2L,6259.46,283.0,566.0,239,96803779.94000007,98.49535514521051,756,C
Mageu Cream 500ml,6222.8,513.0,256.5,425,96810002.74000007,98.50168668408614,757,C
Clover Super M Chocolate 300ml,6177.650000000001,393.0,117.89999999999999,311,96816180.39000008,98.50797228399857,758,C
BC - Mirinda 330ml Orange,6168.71,838.0,276.54,609,96822349.10000007,98.51424878769103,759,C
Crown National Lemon & Herb M/Club 375ml,6165.81,177.0,67.07,154,96828514.91000007,98.52052234070811,760,C
Tropika Juice Easy Pineapple 1Lt,6112.139999999999,304.0,304.0,221,96834627.05000007,98.52674128588123,761,C
Krush Juice 100% Mango 1.5Lt,6111.96,141.0,211.5,106,96840739.01000006,98.53296004790897,762,C
RTE: Mac and Cheese,6094.26,154.0,38.83,72,96846833.27000007,98.53916080064218,763,C
2LT lemon Juice Quins,6073.04,127.0,254.0,117,96852906.31000008,98.54533996257142,764,C
Krush Mix Cranberry Crush 1l,6072.24,233.0,233.0,194,96858978.55000007,98.55151831052123,765,C
RTE: Pizza,6052.9,159.0,28.0,96,96865031.45000008,98.55767698051872,766,C
RTE: Eskort Famous Beef & Cheese Burger,6046.5,161.0,38.0,117,96871077.95000008,98.56382913868087,767,C
Krush Juice 100% 6Vitamin/6Fruits 500ml,6038.46,276.0,138.0,220,96877116.41000007,98.56997311634991,768,C
BC - Mountain Dew 330ml,6008.03,808.0,266.64,578,96883124.44000007,98.57608613227697,769,C
Krush Juice 100% Tropical Punch 500ml,5997.64,271.0,271.0,221,96889122.08000007,98.58218857664637,770,C
Crumbed Potato Pieces 1.5Kg (Offcuts),5994.59,103.0,154.5,85,96895116.67000008,98.58828791771928,771,C
Mageu Banana 500ml,5993.78,499.0,248.0,410,96901110.45000008,98.59438643463803,772,C
Eskort Bacon Griller 12 x 500g,5980.35,10.0,60.0,8,96907090.80000007,98.60047128687735,773,C
Renown Red Vienna 500g,5959.08,301.0,150.5,101,96913049.88000007,98.60653449743899,774,C
Krush Juice 100% Mango 1Lt,5942.59,303.0,303.0,208,96918992.47000007,98.61258092984994,775,C
Eskort Gold Medal Pork Sausages 375g Combo,5916.74,77.0,0.0,58,96924909.21000007,98.61860106055106,776,C
Tropika Juice Peach 2 Lt,5909.56,178.0,356.0,140,96930818.77000007,98.62461388578694,777,C
Clover Gouda Cheese Vacuum Pack 800g,5869.3,45.0,36.0,38,96936688.07000007,98.63058574750879,778,C
Chorizo Rings Packed p/kg,5863.09,122.0,23.5,66,96942551.16000007,98.63655129071543,779,C
Sweet Chilli Pork Rashers p/kg,5861.06,124.0,49.87,118,96948412.22000007,98.64251476844932,780,C
Refresh Combo Deal,5815.61,223.0,0.0,139,96954227.83000007,98.64843200197771,781,C
Garlic & Ginger Tub - 250g,5809.41,239.0,0.0,204,96960037.24000007,98.65434292716563,782,C
Spiced Ground Meat(Six Gun Grill) 500g,5803.63,214.0,106.5,96,96965840.87000006,98.66024797135229,783,C
Eskort Breakfast Sausage 12x375g,5732.52,10.0,45.0,7,96971573.39000006,98.66608066294373,784,C
Krambals - Garden Grill 70g,5725.55,210.0,14.700000000000001,155,96977298.94000006,98.67190626273954,785,C
KALAHARI SALT GRINDER REFILL 500g,5725.45,324.0,162.0,272,96983024.39000006,98.67773176078792,786,C
Clover Super M Strawberry 300ml,5706.63,365.0,109.5,291,96988731.02000006,98.68353810997057,787,C
Sauce-a-licious Prego 500ml,5638.16,161.0,80.5,145,96994369.18000005,98.68927479269009,788,C
BC - Mountain Dew 600ml,5593.95,406.0,243.6,278,96999963.13000005,98.69496649287221,789,C
Chilli Roll 500g,5591.97,124.0,62.0,111,97005555.10000005,98.70065617845528,790,C
RTE: 5 PC Chicken Wings,5570.61,192.0,48.86,28,97011125.71000005,98.70632413078798,791,C
BC - 7 Up 330ml Sugar Free,5566.49,780.0,257.40000000000003,556,97016692.20000005,98.7119878911267,792,C
Spice Mixed herbs Refill Box 10g,5498.85,393.0,0.0,339,97022191.05000004,98.71758282950591,793,C
Premium - Pork Fillet Zesty Citrus p/kg,5474.95,68.0,52.71,53,97027666.00000004,98.72315345025014,794,C
French Polony 12 x 500g,5433.9,23.0,138.0,19,97033099.90000005,98.72868230367564,795,C
Miami - Boerie Relish - With Garlic 450g,5431.7300000000005,245.0,110.25,168,97038531.63000005,98.734208949182,796,C
Deboned Jalapeno Thighs 1Kg,5425.62,65.0,65.0,52,97043957.25000006,98.73972937792057,797,C
Clover Cheddar Cheese Vacuum Pack 800g,5373.610000000001,41.0,32.800000000000004,35,97049330.86000006,98.74519688782244,798,C
Switch Iron Brew Canfloss Limited Edition 500ml,5333.82,478.0,239.0,334,97054664.68000005,98.75062391242321,799,C
Eskort Sliced French Polony 500g,5333.28,180.0,90.0,74,97059997.96000005,98.75605038758786,800,C
Eskort Mini Frikkadels With Arrabiata Sauce 600g,5329.85,75.0,45.0,55,97065327.81000005,98.76147337281577,801,C
Pork Sirloin Steak P/Kg,5324.6,66.0,45.55,42,97070652.41000004,98.76689101630376,802,C
Qualifresh Pork Spice 50g,5315.74,381.0,0.0,292,97075968.15000004,98.77229964496975,803,C
Crown National Peri Peri Seasoning Shaker 100g,5308.27,241.0,24.1,216,97081276.42000003,98.77770067310296,804,C
Sliced Cooked Gammon 125g,5269.69,246.0,31.36,154,97086546.11000003,98.78306244707889,805,C
Spath's Salami Mini kg,5205.97,68.0,15.68,67,97091752.08000003,98.78835938759447,806,C
Takis - Chop Stix Chilli 7g,5189.81,823.0,5.99,384,97096941.89000003,98.79363988572587,807,C
Takis - Salami 40g,5189.42,290.0,11.6,194,97102131.31000003,98.79891998704232,808,C
Eskort Bacon & Butternut Soup 600g,5157.48,102.0,61.199999999999996,73,97107288.79000004,98.80416759023063,809,C
American Hot Dog Regular  12 x 380g,5149.15,12.0,54.72,6,97112437.94000004,98.80940671785831,810,C
Valpre Sparkling Water 500ml,5124.22,431.0,215.5,324,97117562.16000004,98.81462047985246,811,C
Sauces Chilli MN Distributors 500ml,5082.83,203.0,101.5,189,97122644.99000004,98.81979212858667,812,C
Switch Mango Peach 500ml,5073.11,454.0,227.0,319,97127718.10000004,98.824953887471,813,C
Garlic Polony 24 x 250g,5060.02,23.0,138.0,21,97132778.12000003,98.83010232761713,814,C
Pig Cheeks Rindless P/kg,5055.66,114.0,198.34,69,97137833.78000003,98.83524633157546,815,C
Chicken and Cheese Viennas 500g,5051.42,83.0,0.0,26,97142885.20000003,98.84038602144291,816,C
Eskort Pork Rump Steak VSP p/kg,5015.03,97.0,43.94,50,97147900.23000003,98.84548868542173,817,C
Eskort Sliced Sandwich Ham 12 x 180g,5005.24,23.0,49.68000000000001,16,97152905.47000003,98.85058138832747,818,C
Farmers Deli Red Viennas 500g,5005.1,362.0,181.0,65,97157910.57000002,98.8556739487868,819,C
Crown National Peri Peri M/Club 375ml,5002.7300000000005,143.0,54.160000000000004,122,97162913.30000003,98.86076409783213,820,C
Spud Master Frozen Potato Offcuts 1Kg,4998.0,200.0,200.0,112,97167911.30000003,98.86584943422417,821,C
Spice Parsley Refill Box 10g,4994.9,357.0,0.0,302,97172906.20000003,98.87093161644597,822,C
Chicken Viennas 500g Combo Deal,4973.15,88.0,0.0,11,97177879.35000004,98.87599166860247,823,C
SAMOOSA MINCE 12s,4951.22,114.0,31.92,73,97182830.57000004,98.88102940754824,824,C
RTE: Sandwich - Russian & Polony & Egg,4906.14,188.0,0.0,79,97187736.71000004,98.88602127875401,825,C
Diced Bacon 25 x 200g,4903.15,9.0,45.0,9,97192639.86000004,98.89101010771172,826,C
Marinated Rib Burger Boneless Rib per kg RW,4891.45,2.0,72.0,2,97197531.31000005,98.8959870322205,827,C
Eskort Chicken Polony 20 x 80g,4835.83,38.0,60.800000000000004,25,97202367.14000005,98.90090736481048,828,C
RB - Oorspronklike Peri 250ml,4807.52,92.0,23.0,86,97207174.66000004,98.90579889270393,829,C
Tropika Juice Easy Mango/Peach 1Lt,4803.11,244.0,244.0,165,97211977.77000004,98.91068593353585,830,C
Clover Cheddar Pre packed 400g,4799.56,69.0,27.6,60,97216777.33000004,98.91556936233413,831,C
Tropika Juice Eazy Tropical Prisma 1 litre,4787.389999999999,249.0,0.0,162,97221564.72000004,98.92044040847054,832,C
Krush Juice 100% Orange 1.5Lt,4773.03,113.0,169.5,99,97226337.75000004,98.92529684367649,833,C
Kenny's Pork Crackling Sweet Chilli per kg,4763.6,127.0,16.99,114,97231101.35000004,98.93014368410007,834,C
Power Play Drink Original 500ml,4734.56,302.0,151.0,179,97235835.91000004,98.93496097707093,835,C
Crumbed Combo Deal,4695.27,54.0,0.0,37,97240531.18000004,98.93973829347777,836,C
Spice Barbeque Refill Box 50g,4689.95,335.0,0.0,288,97245221.13000004,98.94451019692153,837,C
Takis - Fruit Sticks 50g,4669.88,399.0,19.95,222,97249891.01000004,98.94926167965671,838,C
Eskort Chicken Sausage 12x350g,4624.3,10.0,42.0,1,97254515.31000003,98.95396678591474,839,C
Eskort Deli Smoked Viennas 1kg,4596.95,106.0,106.0,53,97259112.26000004,98.95864406425156,840,C
Chief Chicken Vienna 500g,4596.78,410.0,205.0,51,97263709.04000004,98.96332116961774,841,C
Tropika Juice Easy Orange 1Lt,4587.62,225.0,225.0,171,97268296.66000004,98.96798895491963,842,C
Takis - Cabanossi 40g,4568.9,254.0,10.16,168,97272865.56000005,98.97263769310324,843,C
Krush Mix Mango Passion 1l,4563.99,175.0,175.0,156,97277429.55000004,98.97728143548817,844,C
BC - Refreshhh 2Lt Grape,4553.22,353.0,706.0,305,97281982.77000004,98.98191421967523,845,C
RB - Groentrui Peri 550ml,4538.51,58.0,31.900000000000002,54,97286521.28000005,98.98653203681582,846,C
Reboost Pineapple 500ml,4494.02,421.0,210.5,346,97291015.30000004,98.9911045865262,847,C
BC - Refreshhh 2Lt Orange,4454.11,350.0,700.0,301,97295469.41000004,98.99563652883856,848,C
Tropika Juice Mango/Peach 2Lt,4451.65,148.0,296.0,122,97299921.06000005,99.00016596816423,849,C
Sauce-a-licious Sweet & Sticky 500ml,4439.47,138.0,69.0,128,97304360.53000005,99.00468301465328,850,C
KALAHARI SALT GRINDER 120g,4433.55,170.0,21.69,130,97308794.08000004,99.00919403769468,851,C
Cheddar Flavoured Full Cream Processed Cheese 200g,4412.88,108.0,21.6,76,97313206.96000004,99.01368402954296,852,C
Eskort Deli Burger Bacon 1kg,4399.54,46.0,46.0,35,97317606.50000004,99.0181604482845,853,C
BC - Refreshhh 2Lt Iron Brew,4354.16,335.0,670.0,306,97321960.66000004,99.02259069404376,854,C
Alb Sup White Sliced - 700g,4323.03,235.0,158.2,121,97326283.69000004,99.02698926582904,855,C
Eskort Bacon Spread 20 x 100g,4318.25,20.0,40.0,18,97330601.94000004,99.03138297408734,856,C
Spice Steak & Chops Refill Box 50g,4311.92,307.0,0.0,279,97334913.86000004,99.03577024173352,857,C
Fanta Orange 1.5L,4281.4,221.0,331.5,168,97339195.26000005,99.04012645606502,858,C
Bosveld - Wood,4268.85,89.0,712.0,65,97343464.11000004,99.04446990109446,859,C
Eskort Red Viennas 10 x 125g,4251.6,56.0,70.0,31,97347715.71000004,99.04879579469277,860,C
Krush Juice 100% Mango 500ml,4240.9,198.0,198.0,164,97351956.61000004,99.05311080131642,861,C
Iron Brew 440ml,4205.89,321.0,141.24,257,97356162.50000004,99.05739018616595,862,C
BC - Mirinda 600ml Orange,4161.81,302.0,181.2,233,97360324.31000005,99.06162472074973,863,C
Eskort Sliced Sandwich Ham 12 x 500g,4135.49,8.0,48.0,6,97364459.80000004,99.06583247541077,864,C
Kenny's Pork Crackling Kaiings Plain Per kg,4106.72,63.0,14.72,63,97368566.52000004,99.07001095733713,865,C
Spud Master Frozen Wedges 1.5Kg,4089.25,75.0,112.5,60,97372655.77000004,99.07417166398801,866,C
MCC CUT GREEN BEANS 1Kg,4088.13,87.0,87.0,63,97376743.90000004,99.07833123106772,867,C
Miami Fine Mango Atchar (Mild) 400g,4046.5600000000004,113.0,45.2,101,97380790.46000004,99.0824485017421,868,C
Combo Deal 13,4042.89,69.0,0.0,34,97384833.35000004,99.08656203828592,869,C
Chief Chicken Polony 10 x 750g,4029.2,20.0,150.0,1,97388862.55000004,99.09066164560701,870,C
Switch Lemon Ginger Immune Booster 500ml,4023.21,377.0,188.5,205,97392885.76000004,99.09475515825723,871,C
Soft Drink Coke Zero 500ml,4015.25,330.0,330.0,218,97396901.01000004,99.09884057181227,872,C
OF Legacy Marinade 500ml,3998.69,115.0,57.5,95,97400899.70000003,99.10290913599344,873,C
SAMOOSA CHICKEN 12s,3994.88,92.0,25.76,64,97404894.58000003,99.10697382359764,874,C
Super M Vanilla 300ml,3993.8,266.0,79.8,209,97408888.38000003,99.11103741232964,875,C
Clover UHT Numel 1L,3966.5899999999997,326.0,326.0,220,97412854.97000003,99.11507331558681,876,C
Power Super Maize Meal 10 Kg,3959.6499999999996,36.0,360.0,33,97416814.62000003,99.11910215757256,877,C
Renown Liverspread 250g,3935.45,294.0,73.5,226,97420750.07000004,99.12310637668101,878,C
Red Viennas 250g Combo Deal,3860.2599999999998,74.0,0.0,19,97424610.33000004,99.12703409189925,879,C
Crown National Chicken Spice Shaker 100g,3851.69,218.0,21.8,193,97428462.02000004,99.13095308736301,880,C
Spath - Cabanossi P/kg,3843.9,96.0,17.78,80,97432305.92000005,99.13486415670222,881,C
Shoulder Ribs P/Kg,3807.04,50.0,83.36,17,97436112.96000005,99.1387377219399,882,C
MCC CUT CORN 1Kg,3783.1200000000003,88.0,88.0,69,97439896.08000006,99.1425869491931,883,C
Festive Pork Loin Bone-in Roast,3749.4700000000003,27.0,40.05,26,97443645.55000006,99.14640193843717,884,C
BEST KOTA,3710.33,421.0,91.25,220,97447355.88000005,99.15017710373839,885,C
Chilli(Pepper) Loaf 4 x 2.5kg,3687.29,6.0,60.0,5,97451043.17000006,99.15392882643246,886,C
Switch Energy Naartjie Grape 500ml,3673.21,325.0,162.5,208,97454716.38000005,99.15766622308885,887,C
Cold Meat Loaves Selection P/Kg,3670.6,240.0,205.82,103,97458386.98000005,99.16140096413739,888,C
RTE: Chicken Hearts P/Kg,3669.77,54.0,48.160000000000004,49,97462056.75000004,99.16513486068229,889,C
Clover Full Cream Milk 1 Lt,3660.2599999999998,174.0,174.0,144,97465717.01000005,99.16885908104689,890,C
CHIP 'N DIP CHEESE FLAVOURED 250ml,3653.36,113.0,28.25,106,97469370.37000005,99.17257628083905,891,C
RTE: Two Piece Chicken & Chips 200g,3629.6,106.0,35.0,42,97472999.97000004,99.1762693054426,892,C
Eskort Footlong Chilli Cheese Russian 6 * 1Kg,3625.6,9.0,54.0,5,97476625.57000004,99.17995826014906,893,C
Eskort Deli Marinated Rib Burger 500g,3608.0099999999998,83.0,41.5,39,97480233.58000004,99.18362931748317,894,C
Eskort Dice bacon 200g,3599.17,92.0,0.0,32,97483832.75000004,99.18729138034475,895,C
Tropika Juice Orange 2 Lt,3583.25,115.0,230.0,97,97487416.00000004,99.19093724501596,896,C
Clover Milk Long Life Low Fat 6 x 1 litre,3564.9300000000003,41.0,246.0,31,97490980.93000005,99.19456446955861,897,C
Renown Red Vienna 1Kg,3564.6,74.0,74.0,53,97494545.53000005,99.19819135833473,898,C
Onion 10Kg,3509.99,41.0,410.0,2,97498055.52000004,99.20176268284105,899,C
Crown National Spare rib M/Club 375ml,3501.4500000000003,101.0,38.3,92,97501556.97000004,99.20532531811716,900,C
Sauce-a-licious Lemon & Herb 500ml,3490.7400000000002,108.0,54.0,98,97505047.71000004,99.20887705624382,901,C
Eskort Creamy Peri Peri Pork Fillets p/kg,3480.81,38.0,34.07,32,97508528.52000004,99.21241869085102,902,C
Miami - Boerie Relish - With Chilli 450g,3467.29,157.0,70.65,121,97511995.81000005,99.21594656920612,903,C
Tropika Juice Pineapple 500ml,3455.5800000000004,184.0,92.0,154,97515451.39000005,99.21946253293754,904,C
Super C Energy Drink Apple 500ml,3451.67,331.0,165.5,245,97518903.06000005,99.22297451834456,905,C
Sandwich Ham 4 x 2.5kg,3427.0,5.0,50.0,2,97522330.06000005,99.22646140266139,906,C
Mini Viennas Combo Deal,3390.66,78.0,0.0,39,97525720.72000004,99.22991131196332,907,C
De Vries Choc Double Velvet 185g,3379.68,144.0,27.11,116,97529100.40000005,99.23335004939779,908,C
Toplay Large 6s,3376.32,283.0,169.8,102,97532476.72000004,99.2367853681187,909,C
Tropika Juice Pineapple 2 Lt,3375.44,117.0,234.0,85,97535852.16000004,99.24021979146225,910,C
MCC MIXED VEGETABLES 1Kg,3359.1600000000003,84.0,84.0,47,97539211.32000004,99.24363765032474,911,C
Clover Super M Banana 300ml,3333.21,233.0,69.89999999999999,183,97542544.53000003,99.24702910572995,912,C
CHIP 'N DIP 1000 ISLAND 250ml,3329.5299999999997,127.0,31.75,111,97545874.06000003,99.25041681682988,913,C
Super C Mixed Berry 500ml,3316.02,318.0,159.0,224,97549190.08000003,99.25379078185243,914,C
Switch - Creature Energy 500ml,3300.08,293.0,146.5,216,97552490.16000003,99.25714852833515,915,C
Eskort Deli Catering Bacon 1kg,3297.48,38.0,38.0,32,97555787.64000003,99.26050362938477,916,C
Loin Ribs Marinated 750g Unbranded,3294.8,40.0,30.0,2,97559082.44000003,99.26385600360335,917,C
Krush Mix Peach & Apricot 1l,3260.0,125.0,125.0,119,97562342.44000003,99.26717296971741,918,C
BC - 7 Up 600ml Sugar Free,3245.91,251.0,150.6,194,97565588.35000002,99.27047559961902,919,C
Miami - Braai Relish 410g,3228.42,216.0,88.56,128,97568816.77000003,99.2737604338957,920,C
Reboost Energy Watermelon 500ml,3211.9,308.0,154.0,241,97572028.67000003,99.27702845949746,921,C
Tropika Juice Peach 500ml,3210.4700000000003,169.0,84.5,138,97575239.14000003,99.280295030111,922,C
MCC PEAS 1Kg,3199.36,64.0,64.0,52,97578438.50000003,99.28355029658545,923,C
Jimmys Sweet Chilli  375ml,3195.02,76.0,28.85,73,97581633.52000003,99.28680114722155,924,C
Crown National Prego M/Club 375ml,3191.13,92.0,34.86,79,97584824.65000002,99.29004803988276,925,C
Coke NSNC 500ml,3178.37,229.0,114.5,164,97588003.02000003,99.2932819495723,926,C
RISI CHOICE ASSORTMENT 500GR,3173.31,73.0,36.5,51,97591176.33000003,99.29651071084207,927,C
CHIP 'N DIP CREAM CHEESE & CHIVES 250ml,3171.3199999999997,121.0,30.25,115,97594347.65000002,99.29973744733802,928,C
Beetroot 5kg,3154.7599999999998,47.0,235.0,17,97597502.41000003,99.3029473344601,929,C
Eskort Soup Combo Deal,3130.19,33.0,0.0,22,97600632.60000002,99.30613222223941,930,C
Krush Mix Orange Fusion 1l,3129.58,120.0,120.0,108,97603762.18000002,99.30931648935942,931,C
Festive Spiced Belly Roast,3127.66,21.0,27.67,18,97606889.84000002,99.31249880292883,932,C
Eskort Mini Cheese Viennas 350g x 12,3127.41,9.0,9.0,5,97610017.25000001,99.31568086212967,933,C
Chorizo Rings Peri Peri Packed p/kg,3120.17,59.0,12.870000000000001,39,97613137.42000002,99.3188555548168,934,C
Tropika Juice Tropical 500ml,3116.58,163.0,81.5,136,97616254.00000001,99.32202659477133,935,C
Eskort Deli Prime Cut Bacon 1 kg,3115.68,31.0,31.0,24,97619369.68000002,99.32519671899902,936,C
Krush Mix Crisp Apple 1l,3103.5099999999998,119.0,119.0,106,97622473.19000003,99.32835446056487,937,C
Crown national BBQ M/Club 375ml,3099.89,86.0,32.63,81,97625573.08000003,99.33150851887385,938,C
"RTE: 2 PC Chicken, Chips, Roll, Coleslaw",3090.59,78.0,0.0,54,97628663.67000003,99.33465311467215,939,C
RB - Lekker Rooi Tabaardsco 250ml,3074.6499999999996,47.0,11.75,45,97631738.32000004,99.33778149193061,940,C
RB - Lekker Groen Tabaardsco 250ml,3074.6499999999996,47.0,11.75,46,97634812.97000004,99.34090986918908,941,C
Champion French Polony 4 x 3Kg,3069.98,11.0,132.0,9,97637882.95000005,99.3440334948427,942,C
Gouda Flavoured Full Cream Processed Cheese 200g,3064.51,75.0,15.000000000000002,54,97640947.46000005,99.34715155491209,943,C
Coke Light 500ml,3060.14,221.0,110.5,173,97644007.60000005,99.35026516861892,944,C
Eskort Pork T-Bone Steak p/kg,3057.27,61.0,27.39,31,97647064.87000005,99.3533758621746,945,C
Eskort Sage Infused Sausages 600g,3054.4900000000002,41.0,24.599999999999998,30,97650119.36000004,99.35648372715181,946,C
Eskort Smoked Pork & Bean Soup 600g,3054.33,61.0,36.6,47,97653173.69000004,99.35959142933314,947,C
Clover Super M Cream Soda 300ml,3043.03,204.0,61.199999999999996,171,97656216.72000004,99.36268763405525,948,C
Sauce - a - Licious Worcester Sauce 500ml,3024.35,174.0,0.0,144,97659241.07000004,99.36576483235801,949,C
RTE: Chicken Wings Fries and toast,3011.34,92.0,0.0,79,97662252.41000004,99.36882879332056,950,C
Liverspread 250g Combo,2972.95,114.0,0.0,52,97665225.36000004,99.37185369344596,951,C
CHIP 'N DIP SWEET MUSTARD 250ml,2967.8799999999997,114.0,28.5,107,97668193.24000004,99.37487343497679,952,C
CREAMLINE FC MILK (LF) 1L,2947.79,221.0,221.0,107,97671141.03000005,99.37787273544961,953,C
RB - Kwaadbaard 125ml,2921.58,56.0,7.220000000000001,49,97674062.61000004,99.38084536792185,954,C
Eskort Sliced Chicken Polony 500g,2901.2599999999998,94.0,47.0,74,97676963.87000005,99.38379732531698,955,C
CHIP N DIP - MAYO 250ml,2889.66,111.0,27.75,99,97679853.53000005,99.38673748001057,956,C
Alb Sup Brown Sliced - 700g,2879.54,147.0,102.89999999999999,83,97682733.07000005,99.38966733786458,957,C
Spud Master Frozen Potato Chips 7mm 1.5Kg,2859.48,52.0,78.0,41,97685592.55000006,99.39257678518477,958,C
Kenny's Corn Fruit Chutney 80g,2839.9900000000002,172.0,13.76,140,97688432.54000005,99.39546640193147,959,C
CHIP 'N DIP GARLIC & HERB 250ml,2831.69,93.0,23.25,89,97691264.23000005,99.39834757364174,960,C
Sauce-a-licious Sweet Chilli 500ml,2830.02,87.0,43.5,65,97694094.25000004,99.40122704616999,961,C
Crown National Monkey Gland M/Club 375ml,2823.44,80.0,30.35,75,97696917.69000004,99.40409982371756,962,C
Butternut 10Kg,2819.77,51.0,510.0,21,97699737.46000004,99.40696886713457,963,C
Renown Liverspread 100g,2807.4,339.0,33.9,229,97702544.86000004,99.40982532439486,964,C
Monster Mucho Loco 500ml,2799.59,134.0,67.0,111,97705344.45000005,99.41267383518114,965,C
RTE Combo 10: 3 x Viennas & Chips 200g,2781.22,103.0,0.0,47,97708125.67000005,99.41550365496511,966,C
De Vries Choice Assortments 200g,2754.09,96.0,19.2,79,97710879.76000005,99.41830587067219,967,C
Tropika Juice Mango & Peach 500ml,2745.56,151.0,75.5,125,97713625.32000005,99.42109940732375,968,C
Refresh Apple 750ml,2744.75,406.0,304.5,272,97716370.07000005,99.42389211982116,969,C
Sauce-a-licious BBQ 500ml,2733.42,84.0,42.0,78,97719103.49000005,99.42667330433511,970,C
Crown National Garlic M/Club 375ml,2730.3900000000003,78.0,29.61,75,97721833.88000005,99.42945140590204,971,C
Eskort Marinated Loin Ribs 10 x 750g,2729.7,3.0,22.5,2,97724563.58000006,99.43222880541171,972,C
BC - Refreshhh 330ml Ginger Beer,2726.9900000000002,475.0,156.75,374,97727290.57000005,99.4350034475661,973,C
Tropika Juice Orange 500ml,2715.12,148.0,74.0,119,97730005.69000006,99.43776601230097,974,C
Refresh Ginger Beer 750ml,2706.49,388.0,291.0,258,97732712.18000005,99.44051979623286,975,C
Curry Brawn Combo Deal,2695.14,62.0,0.0,47,97735407.32000005,99.44326203183184,976,C
Janpap Braaipap 2.5Kg,2691.4700000000003,53.0,132.5,52,97738098.79000005,99.44600053330024,977,C
Refresh Cola 750ml,2685.7999999999997,392.0,294.0,266,97740784.59000005,99.44873326568954,978,C
Spare Rib 1Kg Combo Code,2678.17,11.0,0.0,9,97743462.76000005,99.45145823475018,979,C
Kenny's Corn Salt an Vinegar 80g,2674.8900000000003,162.0,12.96,125,97746137.65000005,99.45417986649522,980,C
Refresh Iron Brew 750ml,2661.43,397.0,297.75,256,97748799.08000006,99.45688780303661,981,C
Eskort Shopper Bag,2656.38,180.0,180.0,134,97751455.46000005,99.45959060133293,982,C
Eskort Vaya 3 Hamper 3Kg,2608.49,25.0,75.0,15,97754063.95000005,99.46224467278657,983,C
BC - Refreshhh 330ml Cream Soda,2591.61,428.0,141.24,310,97756655.56000005,99.46488156927455,984,C
Meaty Bone 2Kg Combo,2586.8799999999997,17.0,0.0,16,97759242.44000004,99.46751365310925,985,C
"RTE: Sandwich - Ham, Cheese and Tomato",2584.7400000000002,92.0,0.0,58,97761827.18000004,99.47014355954902,986,C
Reboost Blackcurrant 500ml,2554.97,245.0,122.5,199,97764382.15000004,99.47274317577983,987,C
Mexican Chilli Marinated Mini Ribs 2kg Bulk (8 x 2,2541.66,2.0,32.0,2,97766923.81000003,99.47532924942811,988,C
Combo Deal 8,2526.02,7.0,0.0,6,97769449.83000003,99.47789940977886,989,C
Eskort Snack Platter 6 x 1kg,2521.7,5.0,30.0,5,97771971.53000003,99.48046517464077,990,C
Sauce-a-licious Chinese Sweet&Sour 500ml,2519.5,78.0,39.0,57,97774491.03000003,99.48302870105927,991,C
De Vries Choco Rings 150g,2503.2,120.0,18.0,102,97776994.23000003,99.48557564264723,992,C
De Vries Ginger  200g,2489.25,191.0,38.2,125,97779483.48000003,99.48810839046914,993,C
Spath - Landjäger Sausage P/kg,2471.89,47.0,8.97,45,97781955.37000003,99.49062347493775,994,C
RTE: 4 x Footlong Russians & Chips,2460.56,26.0,13.0,12,97784415.93000004,99.4931270314229,995,C
RB - Groentrui Peri 250ml,2452.03,47.0,11.75,43,97786867.96000004,99.49562190885256,996,C
200g Diced Bacon Combo Deal,2434.57,28.0,0.0,14,97789302.53000003,99.49809902118146,997,C
RTE: Glazed Boneles Gammon P/kg,2430.7,69.0,16.43,33,97791733.23000003,99.50057219588497,998,C
Switch - Turkish Delight 500ml,2429.89,216.0,108.0,156,97794163.12000003,99.50304454643432,999,C
Thirsti Water Still 1.5LT,2424.08,186.0,279.0,124,97796587.20000003,99.50551098545817,1000,C
Renown French Polony 2Kg,2395.79,39.0,78.0,34,97798982.99000004,99.507948640135,1001,C
Kenny's corn honey mustard  80g,2394.2200000000003,145.0,11.6,108,97801377.21000004,99.51038469737719,1002,C
Pork Belly Trimmings 60/40,2383.63,23.0,37.05,20,97803760.84000003,99.5128099795669,1003,C
Switch - Creature Unicorn 500ml,2378.9,211.0,105.5,170,97806139.74000004,99.51523044910331,1004,C
Sauce-a-licious Honey & Mustard 500ml,2374.3900000000003,73.0,36.5,71,97808514.13000004,99.51764632983078,1005,C
Miami - Miami Piccalilli 380g,2367.22,60.0,22.8,54,97810881.35000004,99.52005491526775,1006,C
Krush Juice 100% Orange 6x200ml,2347.55,39.0,46.8,27,97813228.90000004,99.52244348698586,1007,C
Risi Six Love 200g,2345.64,180.0,36.0,148,97815574.54000004,99.52483011532813,1008,C
Switch - Pink Lemonade 500ml,2312.37,215.0,107.5,165,97817886.91000004,99.5271828923015,1009,C
De Vries Short Bread  200g,2300.06,98.0,19.6,86,97820186.97000004,99.5295231441666,1010,C
Butchery Vienna Specials Frankfurters,2279.8,64.0,45.99,25,97822466.77000004,99.53184278200305,1011,C
Budget Hamper Combo,2278.15,8.0,0.0,6,97824744.92000005,99.53416074100697,1012,C
Pepsi Cola 6 X 2Lt,2251.88,28.0,336.0,22,97826996.80000004,99.53645197096185,1013,C
Sauce-a-licious Secret Basting 500ml,2248.29,69.0,34.5,62,97829245.09000005,99.53873954818413,1014,C
"Garlic, Ginger & Danya Tub - 250g",2234.94,91.0,0.0,79,97831480.03000005,99.54101354212489,1015,C
RB - Baardjang Matige Tamatie Blatjang 350ml,2229.33,39.0,13.649999999999999,38,97833709.36000004,99.54328182803502,1016,C
Biltong - Babalas Mix P/Kg,2226.27,114.0,7.29,64,97835935.63000004,99.5455470004739,1017,C
Sunbake Cheese Rolls 6 pack,2206.18,94.0,47.0,71,97838141.81000005,99.54779173185474,1018,C
Tropika Can M/P 300ml,2202.52,169.0,50.699999999999996,109,97840344.33000004,99.55003273927974,1019,C
Eskort Kapana Polony 24 x 250g,2201.65,11.0,66.0,9,97842545.98000005,99.55227286150215,1020,C
Mustard Sauce 500ml - Sauce-A-Licious,2186.58,67.0,33.5,62,97844732.56000005,99.55449765038732,1021,C
BC - Refreshhh 330ml Iron Brew,2150.14,388.0,128.04,282,97846882.70000005,99.55668536251017,1022,C
BC - Refreshhh 330ml Apple,2142.46,371.0,122.43,259,97849025.16000004,99.55886526043062,1023,C
Renown Smoked Vienna 1Kg,2138.8,36.0,36.0,24,97851163.96000004,99.56104143439526,1024,C
Stoney 1.5L,2137.23,105.0,157.5,85,97853301.19000004,99.5632160109253,1025,C
SAMOOSA CHEESE & CORN 12s,2125.67,49.0,13.72,34,97855426.86000004,99.56537882545281,1026,C
Supreme Chicken NPC (9piece cut),2119.99,24.0,40.64,15,97857546.85000004,99.56753586072648,1027,C
Risi Marie  2kg,2109.7,31.0,62.0,7,97859656.55000004,99.56968242618991,1028,C
Risi Lemon Creams 175g,2098.04,161.0,27.580000000000002,134,97861754.59000005,99.5718171279034,1029,C
RTE: Rugby Platter x 2,2086.88,8.0,16.0,4,97863841.47000004,99.57394047460404,1030,C
Valpre Still Water 1.5Lt,2068.5099999999998,119.0,178.5,65,97865909.98000005,99.57604513030238,1031,C
Renown Smoked Vienna 500g,2051.45,77.0,38.5,34,97867961.43000005,99.57813242788971,1032,C
Renown Shoulder Bacon 200g,2048.85,90.0,18.0,34,97870010.28000005,99.58021708004394,1033,C
CHIP 'N DIP BBQ 250ml,2034.1399999999999,83.0,20.75,78,97872044.42000005,99.58228676515168,1034,C
Eskort Marinated Chicken Braai Burger 12x500g,2027.52,3.0,18.0,1,97874071.94000004,99.58434971457976,1035,C
Round Cut Bacon 25 x 200g,2013.9199999999998,5.0,25.0,2,97876085.86000004,99.58639882635781,1036,C
Clover Feta Cheese Traditional 400g,2008.38,33.0,13.200000000000001,27,97878094.24000004,99.5884423013284,1037,C
Krush Juice 100% 6 Fruits & Fibre 1Lt,2007.7,114.0,114.0,49,97880101.94000004,99.59048508441649,1038,C
Crown National Sweet Chilli M/Club 375ml,1966.3300000000002,55.0,20.88,53,97882068.27000004,99.59248577459411,1039,C
Eskort Deli Smoked Footlong Russian 1.2kg,1965.23,24.0,28.8,15,97884033.50000004,99.59448534555004,1040,C
Eskort Apricot Glitter Glaze 200g,1955.9499999999998,75.0,15.0,47,97885989.45000005,99.59647547434477,1041,C
Crown National - Safari Sauce 375ml,1940.2,55.0,20.9,55,97887929.65000005,99.59844957791977,1042,C
Crumbed Frikkadel Pieces 1.5Kg (Offcuts),1935.81,33.0,49.5,29,97889865.46000005,99.60041921478273,1043,C
EDFP - RIB Deal Loin,1912.94,11.0,0.0,6,97891778.40000005,99.60236558200917,1044,C
Janpap Braaipap 1Kg,1909.08,92.0,92.0,53,97893687.48000005,99.60430802178495,1045,C
Rooibaard Original 750ml,1904.2600000000002,15.0,11.25,14,97895591.74000005,99.60624555733474,1046,C
CHIP 'N DIP CREAMY PERI PERI 250ml,1903.84,73.0,18.25,70,97897495.58000006,99.60818266554537,1047,C
Bliss DY Chock Chip 250g,1896.01,143.0,35.75,84,97899391.59000006,99.61011180693245,1048,C
Clover Gouda 400g,1888.5300000000002,27.0,10.8,25,97901280.12000006,99.61203333761202,1049,C
Sauce-a-licious Thai Sweet Chilli 500ml,1884.0400000000002,58.0,29.0,54,97903164.16000007,99.61395029983213,1050,C
RTE: Chicken Schnitzel/Stips P/kg,1872.05,100.0,14.290000000000001,60,97905036.21000007,99.61585506253576,1051,C
Sauce-a-licious Monkeygland 500ml,1864.8700000000001,57.0,28.5,55,97906901.08000007,99.61775251977413,1052,C
Eskort Deli Chicken Sausage 1kg,1849.5900000000001,24.0,24.0,16,97908750.67000008,99.6196344300057,1053,C
Soft Drink Coke Light 440ml,1848.94,133.0,58.52,103,97910599.61000007,99.62151567887898,1054,C
Crown National Biltong Safari Shaker 100g,1847.78,92.0,9.200000000000001,79,97912447.39000008,99.62339574748212,1055,C
Marinated Mini Ribs Combo,1843.32,16.0,0.0,11,97914290.71000007,99.62527127815002,1056,C
Tasty Treats Cracker Mix 200g,1835.6799999999998,88.0,17.6,73,97916126.39000008,99.62713903531451,1057,C
De Vries Ginger Lemon 180g,1835.5500000000002,96.0,17.28,78,97917961.94000007,99.62900666020735,1058,C
Switch - Orange Bubblegum 500ml,1825.14,165.0,82.5,136,97919787.08000007,99.63086369319306,1059,C
Eskort Deli Jumbo Fankfurter 1.2kg,1817.25,21.0,25.2,19,97921604.33000007,99.63271269830679,1060,C
RB - Baardjang Groen Jalapeno Relish 350ml,1808.33,32.0,11.2,31,97923412.66000007,99.63455262755005,1061,C
Pork Meaty Bones 10x2kg Carton,1797.51,4.0,80.0,2,97925210.17000008,99.63638154772173,1062,C
Miami - Tomato & Onion Mix 410g,1790.3500000000001,107.0,43.87,59,97927000.52000007,99.63820318277766,1063,C
OF Legacy Shaker 120g,1783.23,108.0,12.959999999999999,87,97928783.75000007,99.64001757341678,1064,C
Sauce-a-licious Creamy Pepper 500ml,1779.6599999999999,41.0,20.5,37,97930563.41000007,99.64182833167278,1065,C
SPRINGROLL CHICKEN 12s,1773.73,34.0,10.540000000000001,28,97932337.14000008,99.64363305630636,1066,C
Risi Shortbread biscuits 180g,1772.55,120.0,21.599999999999998,102,97934109.69000007,99.64543658032031,1067,C
Tasty Treats Chezzy Bites Fruit Chutney 180g,1752.0900000000001,96.0,17.28,61,97935861.78000008,99.64721928681072,1068,C
Sauce-a-licious Barbados Twist 500ml,1747.5,40.0,20.0,37,97937609.28000008,99.64899732309426,1069,C
Creamline Full Cream Milk 1L,1743.91,109.0,109.0,76,97939353.19000007,99.65077170664517,1070,C
Pork Fat with Rind On P/Kg,1738.18,80.0,79.99,1,97941091.37000008,99.65254026006852,1071,C
MCC BUTTERNUT CHUNKS 1Kg,1719.6000000000001,40.0,40.0,32,97942810.97000007,99.65428990881998,1072,C
RTE: Sandwich - Ham and Cheese,1716.91,66.0,0.0,37,97944527.88000007,99.65603682056563,1073,C
Kenny's Pork Crackling Fruit Chutney 40g,1714.24,70.0,70.0,60,97946242.12000006,99.657781015655,1074,C
Clover Classic Custard 1L,1705.62,54.0,54.0,42,97947947.74000007,99.65951644011619,1075,C
Switch Envy 500ml,1696.5700000000002,151.0,75.5,132,97949644.31000006,99.66124265643523,1076,C
RTE: Spinach Moroho P/Kg,1694.71,41.0,32.48,26,97951339.02000006,99.66296698025215,1077,C
Kenny's Pork Crackling BBQ 40g,1689.03,69.0,69.0,66,97953028.05000006,99.66468552481523,1078,C
BC - Refreshhh 330ml Cola,1687.43,293.0,96.69,232,97954715.48000006,99.66640244141948,1079,C
RTE: Sunday Lunch Plate,1674.52,20.0,0.0,44,97956390.00000006,99.66810622243092,1080,C
Thirsti Water Sports Cap 750ml,1672.06,148.0,111.0,106,97958062.06000006,99.66980750045566,1081,C
Eskort Deli Streaky Bacon 1kg,1669.44,12.0,12.0,11,97959731.50000006,99.67150611269783,1082,C
Coka Cola NCNS 440ml,1655.98,125.0,55.0,87,97961387.48000006,99.67319102973634,1083,C
Farmers Deli Streaky bacon 250g,1650.5300000000002,190.0,47.5,7,97963038.01000006,99.67487040154009,1084,C
Red Viennas 24 x 250g,1627.0,4.0,24.0,3,97964665.01000006,99.6765258321743,1085,C
Crown National - OREGANUM WHOLE 50G,1610.34,93.0,4.65,84,97966275.35000007,99.67816431168724,1086,C
Tropika Can P/A 300ml,1602.99,123.0,36.9,84,97967878.34000006,99.67979531276427,1087,C
Festive Spiced Loin Roast,1600.57,13.0,15.33,11,97969478.91000006,99.68142385155359,1088,C
Eskort Cranberry Glitter Glaze 200g,1590.84,61.0,12.200000000000001,36,97971069.75000006,99.68304249031827,1089,C
Tropika Juice Cool Red 500ml,1587.01,89.0,44.5,72,97972656.76000006,99.68465723215652,1090,C
Eskort Deli Cheese Griller 6 x 1kg,1581.66,3.0,18.0,1,97974238.42000006,99.68626653050742,1091,C
RTE: Sandwich - Bacon and Cheese,1577.9,54.0,0.0,25,97975816.32000007,99.68787200315509,1092,C
Catercorp Bottled Jalapeno Sliced 375g,1576.3000000000002,49.0,18.59,46,97977392.62000006,99.68947584784392,1093,C
CHIP 'N DIP SWEET CHILLI 250ml,1562.98,66.0,16.5,57,97978955.60000007,99.6910661397755,1094,C
Crown National Basting M/Club 375ml,1562.1100000000001,43.0,16.34,43,97980517.71000007,99.69265554650445,1095,C
Nou gaan ons Braai Spice 200g,1556.17,50.0,0.0,43,97982073.88000007,99.69423890943628,1096,C
Eskort Buckwurst 10 x 375g,1549.1399999999999,4.0,15.0,3,97983623.02000007,99.69581511952399,1097,C
Crown National Egte Sosatie M/Club 375ml,1537.85,43.0,16.21,22,97985160.87000006,99.69737984232721,1098,C
Chief Chicken Polony 6 x 1 Kg,1535.05,7.0,42.0,2,97986695.92000006,99.69894171620247,1099,C
Peppadew Vegetable Atchar - Mild 400g,1532.65,46.0,18.400000000000002,40,97988228.57000007,99.7005011481395,1100,C
Marinated Rib Burger FR 12 x 500g,1532.52,3.0,18.0,2,97989761.09000006,99.70206044780487,1101,C
Nandos - PERI PERI HOT 250ML,1521.45,35.0,8.75,31,97991282.54000007,99.7036084840301,1102,C
Streaky Bacon 5 x 1kg,1502.94,3.0,15.0,2,97992785.48000006,99.70513768680661,1103,C
Sauce-a-licious Mango Chutney 500ml,1499.82,31.0,15.5,31,97994285.30000006,99.7066637150634,1104,C
RTE: 2 x Monkey Gland Burger & Chips,1486.84,16.0,8.0,12,97995772.14000006,99.70817653650421,1105,C
Polony 80g Combo,1484.1999999999998,122.0,0.0,21,97997256.34000006,99.70968667181296,1106,C
Thirsti Water Sparkling 1.5LT,1472.61,113.0,169.5,86,97998728.95000006,99.71118501459493,1107,C
Bliss DY Strawberry 250g,1470.16,114.0,28.5,73,98000199.11000006,99.71268086456493,1108,C
Switch Epic 500 ml,1435.78,128.0,64.0,106,98001634.89000006,99.71414173376961,1109,C
Onion 3kg,1419.54,46.0,138.0,32,98003054.43000007,99.71558607919218,1110,C
Renown French Polony 750g,1411.07,49.0,36.75,41,98004465.50000006,99.71702180660768,1111,C
De Vries Yoghurt Double Velvet 185g,1408.1999999999998,60.0,11.33,52,98005873.70000006,99.71845461387204,1112,C
Red Cherry Blast 500ml - Sauce-A-Licious,1404.0,35.0,17.5,33,98007277.70000006,99.71988314774447,1113,C
Eskort Deli Cheese Russian 800g,1399.78,23.0,18.400000000000002,18,98008677.48000006,99.72130738787548,1114,C
Crown National Sweet & Sour M/Club 375ml,1396.9,40.0,15.2,40,98010074.38000007,99.72272869768062,1115,C
Rooibaard Groentrui 750ml,1382.53,12.0,9.0,12,98011456.91000007,99.72413538638052,1116,C
Soft Drink Coke Zero 2 Lt,1376.67,72.0,72.0,51,98012833.58000007,99.72553611268121,1117,C
Crown National - MIXED HERBS 50G,1366.1399999999999,79.0,3.95,69,98014199.72000007,99.72692612497785,1118,C
Carrot 5kg Value,1364.8600000000001,39.0,195.0,13,98015564.58000007,99.72831483490744,1119,C
SAUSAGE ROLLS 30s,1356.42,13.0,19.5,12,98016921.00000007,99.7296949573542,1120,C
Legacy Bafana Doy Pack 200g,1355.6,120.0,24.0,62,98018276.60000007,99.73107424547206,1121,C
Kenny's Pork Crackling Plain per kg,1339.67,39.0,4.7700000000000005,35,98019616.27000007,99.73243732522481,1122,C
Sliced Chopped Ham Roll 12 x 180g,1326.9,9.0,19.439999999999998,2,98020943.17000008,99.73378741183119,1123,C
Kenny's Pork Crackling Sweet Chilli 40g,1325.67,54.0,54.0,49,98022268.84000008,99.7351362469442,1124,C
Eskort Mini Frikkadels 350g Promo,1321.6100000000001,19.0,0.0,14,98023590.45000008,99.73648095111169,1125,C
Bosveld - Lighter Balls 10p,1319.65,46.0,11.5,34,98024910.10000008,99.7378236610296,1126,C
Sunbake Hotdog Rolls 6,1314.05,72.0,25.919999999999998,46,98026224.15000008,99.73916067309162,1127,C
Gourmet Prego Steak p/kg (6x1kg),1313.93,13.0,12.73,6,98027538.08000009,99.74049756305673,1128,C
Sauce-a-licious Caribbean Island 500ml,1313.66,31.0,15.5,28,98028851.74000008,99.74183417830378,1129,C
Tropika Can Orange 300ml,1303.22,100.0,30.0,73,98030154.96000008,99.74316017111947,1130,C
Eskort Crumbed Pork Schnitzel 9 x 500g,1297.97,3.0,13.5,3,98031452.93000008,99.74448082219524,1131,C
Switch - Ginger Pine 500Ml,1284.5,119.0,59.5,99,98032737.43000008,99.74578776789265,1132,C
Clover Creamel Creamer 750g,1281.38,34.0,25.5,25,98034018.81000008,99.74709153907033,1133,C
Premium - Pork Fillet Creamy Mild Peri Peri p/kg,1270.51,15.0,12.45,15,98035289.32000008,99.7483842503027,1134,C
Miami: Hammy Relish Smokey BBQ 450g,1257.78,55.0,24.75,40,98036547.10000008,99.74966400908765,1135,C
Mini Ribs Marinated Bulk 8 x 2kg,1254.71,1.0,16.0,1,98037801.81000008,99.75094064422659,1136,C
Eskort Sliced Sandwich Ham 500g (FZN),1243.25,22.0,11.0,19,98039045.06000008,99.75220561911044,1137,C
Soft Drink Lemon Twist 2 Lt,1239.85,66.0,132.0,30,98040284.91000007,99.75346713458174,1138,C
Eskort Chicken & Cheese Vienna 12 x 500g,1238.98,3.0,18.0,2,98041523.89000008,99.75472776485046,1139,C
De Vries Choc Chip Cookies 150g,1238.6100000000001,57.0,8.549999999999999,52,98042762.50000007,99.75598801865368,1140,C
Switch Energy Sour Worms 500ml,1232.46,113.0,45.0,102,98043994.96000007,99.75724201499017,1141,C
Sauce-a-licious BH Basting 500ml,1227.63,38.0,19.0,34,98045222.59000006,99.75849109692592,1142,C
Extra Lean Pork Mince 500g,1221.53,25.0,12.5,16,98046444.12000006,99.75973397226866,1143,C
Eskort Gammon Sausage P/Kg,1221.07,20.0,10.860000000000001,16,98047665.19000006,99.76097637957322,1144,C
Rooibaard Groentrui 375ml,1218.08,16.0,6.07,14,98048883.27000006,99.76221574462973,1145,C
Eskort Braai Bacon 10 x 450g,1217.22,2.0,9.0,1,98050100.49000005,99.76345423465835,1146,C
Peppadew Mango Atchar- Hot 400g,1214.45,36.0,14.4,29,98051314.94000006,99.76468990628327,1147,C
Sliced Chicken Polony 12 x 180g,1209.92,8.0,17.28,7,98052524.86000006,99.76592096874974,1148,C
Crown National Texan Steak Shaker 100g,1203.85,55.0,5.5,52,98053728.71000005,99.7671458551474,1149,C
Alb Sup White Rolls - 6x60g,1196.97,51.0,18.36,38,98054925.68000005,99.76836374132212,1150,C
Power Super Maize Meal 2.5Kg,1189.61,39.0,97.5,32,98056115.29000005,99.76957413888621,1151,C
Predator Gold Strike,1183.8500000000001,143.0,71.5,44,98057299.14000005,99.77077867579851,1152,C
MCC DICED CARROTS 1Kg,1183.68,32.0,32.0,29,98058482.82000005,99.77198303974019,1153,C
TT-Custard Flavour Filled Biscuits 80g,1173.35,193.0,15.44,138,98059656.17000005,99.77317689317269,1154,C
Kenny's Pork Crackling Bacon 40g,1168.32,48.0,48.0,41,98060824.49000004,99.7743656287096,1155,C
Sunbake Hamburger Buns,1168.0,64.0,28.8,56,98061992.49000004,99.77555403865476,1156,C
Rib Burger Fr 16 * 500g VP,1164.8,1.0,8.0,1,98063157.29000004,99.77673919268226,1157,C
Pork Biltong p/kg,1163.43,4.0,4.0,3,98064320.72000004,99.77792295277001,1158,C
Tasty Treats cream lemon tray 80g,1161.19,191.0,15.28,139,98065481.91000004,99.7791044337154,1159,C
MOUNTAIN DEW SOFT DRINK 500ml CAN,1157.53,111.0,55.5,84,98066639.44000004,99.78028219070498,1160,C
CHIP 'N DIP TOMATO SAUCE 250ml,1144.73,53.0,13.25,51,98067784.17000005,99.78144692402392,1161,C
Risi Marie 3-pack 150g,1143.98,47.0,7.05,42,98068928.15000005,99.78261089423717,1162,C
Miami: Boerie Relish Lite 450g,1142.18,50.0,21.6,34,98070070.33000006,99.78377303299672,1163,C
Thirsti Sport Blueberry 500ml,1138.55,94.0,47.0,66,98071208.88000005,99.7849314783247,1164,C
Minced Bacon Combo Deal,1130.35,13.0,0.0,10,98072339.23000005,99.78608158036366,1165,C
Nandos - PERI PERI EXTRA HOT 250ML,1130.22,26.0,6.5,21,98073469.45000005,99.78723155013095,1166,C
De Vries Choice Assortment 400g,1130.21,20.0,8.0,17,98074599.66000004,99.78838150972351,1167,C
DVF Choc chip cookies original 150g,1129.96,52.0,7.8,47,98075729.62000003,99.7895312149475,1168,C
TT-Strawberry Flavour Filled Biscuits 80g,1124.7,185.0,14.8,138,98076854.32000004,99.79067556825686,1169,C
RB - Premium Meat Paint Basting 550ml,1123.39,16.0,8.8,16,98077977.71000004,99.79181858867491,1170,C
BC - Refreshhh 2Lt Mock Pina Colada,1118.23,99.0,198.0,72,98079095.94000004,99.79295635892575,1171,C
Sauce-a-licious Red Wine & Garlic 500ml,1117.19,25.0,12.5,24,98080213.13000004,99.79409307100335,1172,C
Clover Tussers  400g,1112.93,16.0,6.4,13,98081326.06000005,99.79522544864056,1173,C
Tasty Treats Cheesy Bites Cheddar 30g,1102.3,254.0,7.62,146,98082428.36000004,99.7963470105263,1174,C
SPRINGROLL VEG 12s,1099.83,23.0,7.13,20,98083528.19000004,99.79746605925061,1175,C
Burn Original Energy Drink 500ml,1095.98,97.0,48.5,85,98084624.17000005,99.79858119069898,1176,C
Bosveld - Rhino Balls 8p,1093.76,34.0,6.8,28,98085717.93000005,99.79969406335448,1177,C
Switch Biogen G Force Redcurrant & Blueberry 500ml,1082.0900000000001,96.0,48.0,78,98086800.02000006,99.80079506208527,1178,C
Eskort Deli Smoked Russian 800g,1073.73,19.0,15.200000000000001,15,98087873.75000006,99.80188755473117,1179,C
Switch Bananna & Lime 500ml,1062.0800000000002,94.0,47.0,77,98088935.83000006,99.80296819380186,1180,C
Switch Biogen G Force Goji Berry&BloodOrange 500ml,1051.69,94.0,47.0,76,98089987.52000006,99.80403826131489,1181,C
RTE: Oven Baked Belly Ribs p/kg,1050.31,28.0,6.69,14,98091037.83000006,99.80510692471343,1182,C
Supreme Heads & Feet 1kg,1046.34,86.0,86.0,46,98092084.17000006,99.80617154873913,1183,C
Special Garlic Polony Combo,1043.3700000000001,15.0,0.0,12,98093127.54000007,99.80723315086625,1184,C
C&B Mayonnaise 750g,1043.28,24.0,18.0,23,98094170.82000007,99.8082946614207,1185,C
Rooibaard Red Beard Basting 375ml,1034.62,17.0,6.46,17,98095205.44000007,99.80934736064798,1186,C
Alb Sup White Buns  - 6x60g,1032.6799999999998,44.0,15.84,32,98096238.12000008,99.81039808597518,1187,C
Champion French Polony 10 x 750g,1025.9299999999998,5.0,37.5,4,98097264.05000009,99.81144194335107,1188,C
RTE: Crumbed Pork P/kg,1022.41,47.0,7.8500000000000005,24,98098286.46000008,99.81248221921753,1189,C
RTE: American Hot Dog,1021.29,64.0,0.0,31,98099307.75000009,99.81352135551282,1190,C
Eskort Deli Crumbed Pork Frikkadels 6x1Kg,1013.4,2.0,12.0,1,98100321.1500001,99.81455246393615,1191,C
Champion Russien 4 x 2kg,1013.04,2.0,16.0,1,98101334.1900001,99.81558320606872,1192,C
Peppadew - Piquant Pep CJ Chop 280g,1005.8399999999999,25.0,7.000000000000001,22,98102340.0300001,99.81660662238656,1193,C
Kwaadbaard 100ml,1001.6400000000001,12.0,1.2000000000000002,12,98103341.6700001,99.81762576531248,1194,C
Super M Bubblegum 300ml,992.34,71.0,21.3,48,98104334.01000011,99.81863544572771,1195,C
MCC COUNTRY MIX 1Kg,988.77,23.0,23.0,16,98105322.7800001,99.81964149375978,1196,C
Sogood Instant Chocolate Mousse 200g,980.64,24.0,4.800000000000001,18,98106303.4200001,99.82063926972607,1197,C
Peppadew Slides Jalapeno's- Hot 400g,979.8000000000001,23.0,9.200000000000001,22,98107283.2200001,99.82163619101397,1198,C
Peppadew Piquante Whole Sweet Pepper - Hot 400g,973.74,22.0,8.8,21,98108256.9600001,99.8226269464078,1199,C
Risi Marie & Lemon Creams 475g,973.6700000000001,35.0,16.48,32,98109230.6300001,99.82361763057843,1200,C
Thirsti Flavor Water Lemon 1.5LT,973.29,56.0,84.0,55,98110203.9200001,99.82460792810886,1201,C
RTE: School Meals,973.24,11.0,0.0,13,98111177.1600001,99.82559817476555,1202,C
RTE Battered Fish P/kg,966.76,6.0,1.66,18,98112143.9200001,99.82658182818899,1203,C
Tasty Treats Mango Flavoured Filled Biscuits 80g,966.63,159.0,12.72,124,98113110.5500001,99.82756534934077,1204,C
Clover Milk Long Life Low Fat 1lt,966.5,50.0,50.0,33,98114077.0500001,99.82854873822092,1205,C
Pork Liver P/Kg,961.4,27.0,30.81,25,98115038.4500001,99.82952693798228,1206,C
Thirsti Flavor Water Berry 1.5LT,955.92,55.0,82.5,53,98115994.37000011,99.83049956198467,1207,C
Spath's Black Forest Ham p/kg,943.88,26.0,2.96,22,98116938.2500001,99.83145993559684,1208,C
Thirsti Flavor Water Litchi 1.5LT,938.53,54.0,81.0,53,98117876.7800001,99.8324148657217,1209,C
Tasty Treats Cheezy Bites Fruit Chutney 30g,937.42,216.0,6.4799999999999995,135,98118814.2000001,99.83336866645011,1210,C
Nandos - SEASONKE SPICE 200g,934.39,43.0,8.6,30,98119748.59000011,99.8343193842315,1211,C
Thirsti Flavour Water Berry 500ml,934.1600000000001,98.0,44.0,76,98120682.7500001,99.8352698679938,1212,C
Eskort Smoked Pork Twisters P/Kg,933.46,17.0,7.13,11,98121616.2100001,99.8362196395241,1213,C
RTE: RUGBY PLATTER,913.04,3.0,1.0,1,98122529.2500001,99.83714863422988,1214,C
Soft Drink Schweppes Lemonade 1Lt,906.0,60.0,60.0,1,98123435.2500001,99.83807046591679,1215,C
Water Bonaqua Still 500ml,898.45,94.0,47.0,60,98124333.7000001,99.83898461567297,1216,C
Kenny's Pork Crackling Chilli per kg,895.81,24.0,3.13,24,98125229.51000011,99.83989607929709,1217,C
Sliced Smoked Hickory Ham 125g,894.35,46.0,5.84,26,98126123.8600001,99.84080605740878,1218,C
Thirsti Flavor Water Litchi 500ml,888.95,93.0,46.5,79,98127012.8100001,99.84171054115943,1219,C
Potato 7kg M,879.89,11.0,77.0,11,98127892.7000001,99.8426058065932,1220,C
Biltong - Rugby Mix P/Kg,878.54,7.0,4.39,6,98128771.24000011,99.84349969843672,1221,C
TTChezzy Bites 6 Pack Spring Onion 180g,876.02,48.0,8.64,34,98129647.26000011,99.84439102624506,1222,C
Tasty Treats Deep Sea Bites Curry 180g,876.01,48.0,8.64,36,98130523.27000012,99.84528234387868,1223,C
Cheezy Bites Cheddar Flavour 180g,876.01,48.0,8.64,35,98131399.28000012,99.8461736615123,1224,C
Transport Zone 4 : 31 - 50 KM,869.56,2.0,2.0,1,98132268.84000012,99.84705841643688,1225,C
Nandos - PERI PERI LEM&HERB 250ML,869.4,20.0,5.0,16,98133138.24000013,99.8479430085656,1226,C
Spice Ground Black Pepper Refill Box 40g,869.2600000000001,25.0,0.0,24,98134007.50000013,99.8488274582479,1227,C
Pork Shoulder Neck DDD,868.36,4.0,11.52,4,98134875.86000013,99.84971099220336,1228,C
Thirsti Flavor Water Lemon 500ml,860.28,90.0,45.0,76,98135736.14000013,99.85058630496673,1229,C
Eskort Mini Viennas 12 x 350g,857.38,3.0,12.600000000000001,3,98136593.52000013,99.85145866705473,1230,C
Tasty Chocolate Flavoured Filled Biscuits 80g,857.2,141.0,11.28,106,98137450.72000013,99.85233084599734,1231,C
Diced Bacon 5 x 1kg,838.94,2.0,10.0,1,98138289.66000013,99.85318444585984,1232,C
PIES CHICKEN 12s,834.66,17.0,8.5,11,98139124.32000013,99.85403369093247,1233,C
Nosh 56g,834.18,60.0,3.42,37,98139958.50000013,99.85488244761744,1234,C
Nandos - PERI PERI MEDIUM 250ML,825.93,19.0,4.75,19,98140784.43000014,99.85572281013972,1235,C
Eskort Polony 500g,821.1800000000001,47.0,23.0,37,98141605.61000015,99.85655833965922,1236,C
Mini Frikkadel,817.3,10.0,0.0,10,98142422.91000015,99.85738992137854,1237,C
RTE: Assorted Sandwiches,816.98,47.0,14.0,18,98143239.89000015,99.85822117750611,1238,C
BC - Refreshhh 2Lt Watermelon,814.11,69.0,138.0,60,98144054.00000015,99.85904951348252,1239,C
Switch Strawberry Maringue 500ml,813.4200000000001,72.0,36.0,49,98144867.42000015,99.8598771474017,1240,C
BC - Refreshhh 330ml Grape,813.12,119.0,39.27,96,98145680.54000016,99.8607044760786,1241,C
Thirsti Flavor Water Naartjie 500ml,812.51,85.0,42.5,74,98146493.05000016,99.86153118409618,1242,C
Butchery Chicken Hamper Frozen (1.7kg),808.6200000000001,6.0,10.2,6,98147301.67000017,99.86235393413887,1243,C
Tasty Treats Orange Flavoured Filled Biscuits 80g,808.58,133.0,10.64,100,98148110.25000016,99.86317664348259,1244,C
7up 500ml can,802.95,77.0,38.5,55,98148913.20000017,99.86399362444617,1245,C
Peppadew Mango Atchar- Mild 400g,799.72,23.0,9.200000000000001,22,98149712.92000017,99.86480731896786,1246,C
Miami - Seshebo / Ishishibo 410g,792.51,53.0,21.73,34,98150505.43000017,99.8656136775001,1247,C
Clover Milk Full Cream UHT 4 x 1L,782.5,10.0,40.0,8,98151287.93000017,99.8664098511149,1248,C
Tasty Treats Cheezy Bites Spring Onions 30g,781.1899999999999,180.0,5.3999999999999995,112,98152069.12000017,99.8672046918384,1249,C
Soft Drink Coke Zero 440ml,779.84,69.0,69.0,51,98152848.96000017,99.86799815897164,1250,C
Alb Best of Both White Buns - 6x60g,774.51,33.0,11.879999999999999,28,98153623.47000018,99.86878620296706,1251,C
PIES BEEF 12s,773.82,15.0,7.5,12,98154397.29000017,99.8695735449052,1252,C
Sliced Double Smoked Ham 125g,770.06,39.0,5.0200000000000005,33,98155167.35000017,99.8703570611401,1253,C
Quinns White Vinegar 750ml,766.35,70.0,52.5,67,98155933.70000017,99.87113680254546,1254,C
Deli Diced Bacon 1Kg,765.13,8.0,8.0,6,98156698.83000016,99.87191530263223,1255,C
Eskort Monkey Gland Bacon Burger 9 x 500g,762.87,2.0,9.0,2,98157461.70000017,99.87269150322714,1256,C
Eskort Sliced Bacon Loaf 12 x180g,762.5899999999999,4.0,8.64,3,98158224.29000017,99.87346741892928,1257,C
De Vries Choice Assortments 800g,760.8299999999999,7.0,5.6000000000000005,7,98158985.12000017,99.87424154387668,1258,C
Thirsti Flavor Water Pineapple 500ml,755.14,79.0,39.5,65,98159740.26000017,99.8750098793955,1259,C
Tasty Treats Saltine Rosemary 100g,750.85,72.0,7.2,60,98160491.11000016,99.87577384994971,1260,C
Nestlé Kitkat Chunky Milk 40g,750.82,48.0,1.92,38,98161241.93000016,99.8765377899797,1261,C
Thirsti Spark - Mixers - FS Lemonade 250ml,745.51,78.0,19.5,59,98161987.44000016,99.87729632722132,1262,C
Thirsti Flavor Water Granadilla 500ml,745.51,78.0,39.0,59,98162732.95000017,99.87805486446295,1263,C
Refresh Mojito Mocktail 2L,742.78,61.0,122.0,49,98163475.73000017,99.87881062399983,1264,C
Alb Best of Both White Rolls - 6x60g,727.5699999999999,31.0,11.16,27,98164203.30000016,99.87955090775307,1265,C
Thirsti Spark - Mixers - FS Ginger Ale 250ml,726.4200000000001,76.0,19.0,59,98164929.72000016,99.88029002141091,1266,C
Hickory Ham 2.5Kg,726.06,3.0,7.5,3,98165655.78000017,99.88102876877802,1267,C
Tomato Sauce 500ml - Sauce-A-Licious,725.95,22.0,11.0,21,98166381.73000017,99.88176740422297,1268,C
PPD Sweet jalapeno peppers mild cones 400g,724.2,17.0,6.800000000000001,16,98167105.93000017,99.88250425908794,1269,C
Switch - DragonFB 500Ml,712.59,72.0,34.5,60,98167818.52000017,99.88322930107665,1270,C
Switch Energy Tropical 500ml,711.8000000000001,69.0,34.5,59,98168530.32000017,99.88395353926069,1271,C
Switch - Immune B GojiB StarF 500ml,709.97,71.0,35.5,58,98169240.29000017,99.88467591546683,1272,C
Eskort Sliced Curry Brawn 12 x 180g,708.71,5.0,10.8,4,98169949.00000016,99.88539700965538,1273,C
Eskort Deli Smoked Pulled Pork 6 x 1kg,708.39,1.0,6.0,1,98170657.39000016,99.88611777825217,1274,C
BC - Refreshhh 2Lt Mock Strawb Daiq,708.1899999999999,59.0,118.0,48,98171365.58000016,99.8868383433541,1275,C
Switch - Immune B BlueB RaspB 500ml,703.01,71.0,35.5,58,98172068.59000017,99.88755363793935,1276,C
Crumbed 1Kg Combo,695.6,4.0,0.0,4,98172764.19000016,99.88826139304024,1277,C
Nandos - PERI PERI MILD 250ML,695.52,16.0,4.0,14,98173459.71000016,99.88896906674319,1278,C
Switch - Immune B GrapeF & Naartjie 500ml,694.32,69.0,34.5,54,98174154.03000015,99.88967551947702,1279,C
Sliced Smoked Chicken Roll 125g,691.8299999999999,36.0,4.58,23,98174845.86000015,99.89037943869992,1280,C
Eskort Deli Pork Banger 1kg,687.07,10.0,10.0,9,98175532.93000014,99.89107851474532,1281,C
Classic Custard 6X200ML,678.1800000000001,15.0,18.0,12,98176211.11000015,99.89176854544446,1282,C
RTE: Three Piece Ribs & Chips 200g,678.13,15.0,0.0,10,98176889.24000014,99.8924585252699,1283,C
Maynards Enerjelly Mini Teddies 60g,672.61,43.0,2.58,30,98177561.85000014,99.89314288863737,1284,C
RTE: Hotdog R10,671.6,80.0,0.3,45,98178233.45000014,99.89382622435585,1285,C
C&B Kasi Magic Cheese Sauce 330g,669.46,22.0,7.260000000000001,22,98178902.91000013,99.89450738267936,1286,C
C&B Kasi Magic Jalapeno & Cheese Sauce 330g,669.46,22.0,7.260000000000001,22,98179572.37000012,99.8951885410029,1287,C
Kapana 250g Combo,668.89,77.0,0.0,6,98180241.26000012,99.89586911936608,1288,C
Kenny's Pork Crackling Chilli 40g,667.62,27.0,27.0,26,98180908.88000013,99.89654840553696,1289,C
Damascus Original in Milk Chocolate 40g,667.31,48.0,1.92,32,98181576.19000013,99.89722737629083,1290,C
Tinkies Mini - Vanilla Whizz - 30g,666.74,128.0,3.84,30,98182242.93000013,99.89790576708435,1291,C
Sparletta Crème Soda 1.5L,664.8,44.0,66.0,26,98182907.73000012,99.8985821839778,1292,C
Miami - Anything Goes Tomato Mi 410g,664.08,30.0,12.299999999999999,25,98183571.81000012,99.89925786828977,1293,C
Thirsti Flavor Water Naartjie 1.5LT,660.4499999999999,38.0,57.0,37,98184232.26000012,99.89992985917013,1294,C
Supreme Soup Pack 1kg,659.67,33.0,33.0,18,98184891.93000013,99.90060105642058,1295,C
Pig Hearts p/kg,658.71,25.0,16.63,17,98185550.64000012,99.90127127689573,1296,C
Catercorp Bottled Jalapeno Whole 375g,657.26,20.0,7.6,20,98186207.90000013,99.9019400220332,1297,C
Tropika DDS Granadilla 250g,653.5400000000001,59.0,14.75,45,98186861.44000013,99.9026049821664,1298,C
Jungle Energy Bar Dark Chocolate 40g,653.41,47.0,1.8800000000000001,34,98187514.85000013,99.90326981002791,1299,C
Pulled Pork Pie Combo Deal,652.1500000000001,5.0,0.0,5,98188167.00000013,99.90393335587187,1300,C
Crown Sizzler Pork Spice 100g,651.61,50.0,5.0,36,98188818.61000013,99.90459635227971,1301,C
Sogood Instant Cheese Sauce 100g,649.38,25.0,2.5,19,98189467.99000013,99.90525707971993,1302,C
RTE: Banana Bread,644.55,45.0,0.5,15,98190112.54000013,99.90591289275945,1303,C
Koo Baked Beans in Tomato Sauce 400g,643.16,37.0,14.8,15,98190755.70000012,99.90656729150973,1304,C
Switch - Granadilla GooseB 500ml,641.34,65.0,32.5,57,98191397.04000013,99.90721983845684,1305,C
Pepsi Max 6 X 2Lt,634.7,8.0,96.0,6,98192031.74000013,99.90786562937481,1306,C
Power Samp 1Kg,628.58,42.0,42.0,31,98192660.32000013,99.90850519335027,1307,C
Eskort Deli Footlong Cheese Russian 6 x 1.2kg,626.03,1.0,7.2,1,98193286.35000013,99.90914216276634,1308,C
Mountain Dew 6 X 2Lt,626.0,8.0,96.0,7,98193912.35000013,99.90977910165817,1309,C
Thirsti Flavor Water Granadilla 1.5Lt,625.71,36.0,54.0,33,98194538.06000012,99.91041574548247,1310,C
KitKat Chunky Peanut Butter 42g,625.66,40.0,1.61,33,98195163.72000012,99.91105233843307,1311,C
Thirsti Water Still 500ml,609.82,78.0,39.0,60,98195773.54000011,99.91167281459124,1312,C
BC - Refreshhh 330ml Orange,609.8100000000001,89.0,29.37,69,98196383.35000011,99.91229328057467,1313,C
Nandos - PERI PERI GARLIC 250ML,608.5799999999999,14.0,3.5,14,98196991.93000011,99.91291249506476,1314,C
Colman's Original Worcestershire Sauce 500ml,608.5799999999999,14.0,7.0,12,98197600.51000011,99.91353170955485,1315,C
RTE : Prego Oven Baked per kg RW,603.1,5.0,1.8800000000000001,8,98198203.6100001,99.91414534828594,1316,C
Bacon Cutts 5 x 1kg,599.64,2.0,10.0,1,98198803.2500001,99.91475546655607,1317,C
Nandos - SACHETS P/PERI HOT New 25G,593.9,114.0,3.0700000000000003,65,98199397.15000011,99.91535974452391,1318,C
RTE: Cooked Vegetables P/Kg,592.75,29.0,6.21,17,98199989.90000011,99.91596285239633,1319,C
RTE: Braai Monkey Gland Burger,591.31,17.0,3.8,9,98200581.21000011,99.91656449510582,1320,C
Koo Beetroot Grated 780g,591.12,17.0,13.26,13,98201172.33000012,99.9171659444952,1321,C
Pork Shoulder DD With 5mm Fat Coverage,590.62,1.0,9.5,1,98201762.95000012,99.91776688514743,1322,C
Krush Juice 100% 6 Fruits & Vit 1.5Lt,584.1800000000001,17.0,25.5,17,98202347.13000013,99.91836127326539,1323,C
Thirsti Sport Berry 500ml,584.06,48.0,24.0,34,98202931.19000013,99.91895553928643,1324,C
MARINDA SOFT DRINK 500ml CAN,584.03,56.0,28.0,49,98203515.22000013,99.91954977478323,1325,C
Tasty Treats Deep sea Bites Pickled onion 180g,584.02,32.0,5.76,22,98204099.24000013,99.9201440001053,1326,C
ROYAL KALAHARI SALT FLASK 500g,579.7099999999999,29.0,14.5,28,98204678.95000012,99.92073384011326,1327,C
All Gold Tomato Sauce Original 500ml,579.04,18.0,9.0,16,98205257.99000013,99.92132299841347,1328,C
Peppadew Piquante Chopped Sweet Peppers 400g,578.15,13.0,5.2,11,98205836.14000013,99.92191125116159,1329,C
Mrs Ball's Sweet Chilli Sauce 840g,573.86,11.0,9.24,10,98206410.00000013,99.9224951389451,1330,C
Jungle Energy Bar Peanut Butter  47g,570.01,41.0,1.9500000000000002,26,98206980.01000014,99.92307510945267,1331,C
Nandos - PERINAISE SQUEEZE HOT 265G,565.11,13.0,3.39,12,98207545.12000014,99.92365009433631,1332,C
Nandos - PERI PERI BUSH BRAAI 250ML,565.11,13.0,3.25,13,98208110.23000014,99.92422507921997,1333,C
RTE: Rock Bun,561.37,67.0,0.3,23,98208671.60000014,99.92479625874986,1334,C
Cream Spinach 1Kg,556.47,8.0,8.0,7,98209228.07000014,99.92536245265585,1335,C
Eskort Spare Ribs Pre-Cooked Marinated 6 x 1kg per,554.29,1.0,6.0,1,98209782.36000015,99.92592642846793,1336,C
Tropika Juice Eazy Orange 6 x 200ml,552.05,15.0,15.0,12,98210334.41000015,99.92648812513764,1337,C
Sauce-a-licious Picalilli 275ml,547.68,14.0,3.9200000000000004,14,98210882.09000015,99.9270453754448,1338,C
Caurse Salt 110g grinders,547.68,21.0,2.31,21,98211429.77000016,99.92760262575196,1339,C
Kenny's Pork Crackling Plain 40g,545.9200000000001,22.0,22.0,19,98211975.69000016,99.92815808530442,1340,C
Alb Sup Brown Buns  - 6x60g,539.81,23.0,8.28,19,98212515.50000016,99.92870732808909,1341,C
Pork Sausage Meat 1kg,539.08,6.0,6.0,6,98213054.58000016,99.92925582811755,1342,C
Thirsti Sport Lemon and Lime 500ml,538.9,46.0,23.0,40,98213593.48000017,99.92980414500065,1343,C
RTE: Jelly 500ml,536.76,33.0,0.0,52,98214130.24000017,99.9303502844888,1344,C
Thirsti Sport Naartjie 500ml,531.91,48.0,24.0,38,98214662.15000017,99.93089148922675,1345,C
Sliced Double Smoked Ham 12 x 180g,529.24,3.0,6.48,2,98215191.39000016,99.9314299773084,1346,C
Jungle Energy Bar Yoghurt 40g,528.29,38.0,1.52,27,98215719.68000017,99.9319674987895,1347,C
Thirsti Water Sparkling 500ml,523.86,67.0,33.5,58,98216243.54000017,99.9325005128596,1348,C
Recycle - Used Boxes P/Kg,521.74,1.0,1.0,1,98216765.28000017,99.93303136988423,1349,C
Eskort Rindless Back Bacon 2 x 2kg,521.72,1.0,4.0,1,98217287.00000016,99.9335622065594,1350,C
Nandos - PERINAISE SQUEEZE ORIG 265G,521.64,12.0,3.13,11,98217808.64000016,99.93409296183663,1351,C
VALUE RUSSIAN & CHIPS,521.6,15.0,0.15,5,98218330.24000016,99.93462367641487,1352,C
Nandos - P/P HOT 125g,521.5999999999999,20.0,2.6,20,98218851.84000015,99.9351543909931,1353,C
Kenny's Crackling BBQ 90g,521.5999999999999,20.0,1.7999999999999998,16,98219373.44000015,99.93568510557135,1354,C
Sliced Smoked Chicken Roll 12 x 180g,521.54,2.0,4.32,2,98219894.98000015,99.93621575910116,1355,C
Switch - Lemon Meringue 500ml,519.73,46.0,23.0,39,98220414.71000016,99.93674457100252,1356,C
Sliced Cooked Ham MAP 12x125g,508.56,2.0,3.0,1,98220923.27000016,99.93726201771632,1357,C
Sliced Gypsy Ham MAP 12x125g,508.56,2.0,3.0,1,98221431.83000016,99.93777946443011,1358,C
Peppadew Vegetable Atchar -Hot 400g,507.72,16.0,6.4,10,98221939.55000016,99.93829605646552,1359,C
Nandos - SACHETS P/PERI MILD New 25g,505.35,97.0,2.71,67,98222444.90000015,99.93881023708691,1360,C
Eskort Deli Prime Cut Bacon 6 x 1kg,503.71,1.0,6.0,1,98222948.61000015,99.93932274905049,1361,C
Eskort mediterranean Pork Sausage 12 x 375g,502.96,1.0,4.5,1,98223451.57000014,99.93983449790838,1362,C
Ag BBQ Sce Squeeze 500ml,500.76,12.0,6.0,12,98223952.33000015,99.94034400832288,1363,C
Ag Mustard Sce Squeeze 500ml,500.76,12.0,6.0,12,98224453.09000015,99.94085351873738,1364,C
Tasty Treats Strawberry Wafers 100g,500.59,48.0,4.800000000000001,43,98224953.68000016,99.94136285618127,1365,C
Tasty Treats Vanilla Wafers 100g,500.58,48.0,4.8,41,98225454.26000015,99.9418721834504,1366,C
Tasty Treats Chocnut wafers 100g,500.55,48.0,4.800000000000001,39,98225954.81000015,99.9423814801953,1367,C
De Vries Speculaas 200g,499.79,23.0,4.6000000000000005,22,98226454.60000016,99.94289000365977,1368,C
Predator Spicy Ginger,490.32,72.0,36.0,1,98226944.92000015,99.9433888916429,1369,C
Pets Mince p/kg,489.47,10.0,8.97,8,98227434.39000015,99.94388691477292,1370,C
RTE: Fried Cabbage P/Kg,489.0,88.0,18.75,46,98227923.39000015,99.94438445969003,1371,C
Eskort Sliced Ham & Tongue Loaf 12 x 180g,488.15999999999997,3.0,6.48,2,98228411.55000015,99.94488114992875,1372,C
CCrunch Assorted Biscuit Selection 500g,486.88,8.0,8.0,8,98228898.43000014,99.9453765378004,1373,C
Spice Lemon Pepper Refill Box 40g,486.65,28.0,0.0,27,98229385.08000015,99.94587169165298,1374,C
Tasty Treats Wheaton's Multigrain Crackers 170g,479.77,24.0,4.08,18,98229864.85000014,99.9463598452826,1375,C
Tasty Treats Wheaton's Wholewheat Crackers 170g,479.76,24.0,4.08,20,98230344.61000015,99.94684798873746,1376,C
Col.Spray & Cook Olive Oil 300ml,478.16999999999996,11.0,3.3,7,98230822.78000015,99.94733451440825,1377,C
Thirsti Water Still 330ml,476.93,61.0,20.130000000000003,52,98231299.71000016,99.94781977841095,1378,C
Champion French Polony 4 x 2kg,474.71,2.0,16.0,1,98231774.42000015,99.94830278362076,1379,C
MCC PUMPKIN CHUNKS 1Kg,472.89000000000004,11.0,11.0,9,98232247.31000015,99.94878393702741,1380,C
Renown Liverspread 20 x 100g,471.14,4.0,8.0,3,98232718.45000015,99.9492633098541,1381,C
Eskort Mini Frikkadels 12 x 350g,470.88,1.0,4.2,1,98233189.33000015,99.94974241813746,1382,C
RTE: Cooked Pig Head P/Kg,469.49,6.0,10.8,5,98233658.82000014,99.95022011213159,1383,C
Tasty Treats Cracker Mix 400g,469.43999999999994,12.0,4.800000000000001,12,98234128.26000014,99.95069775525202,1384,C
Thirsti Flavor Water Pineapple 1.5Lt,469.28,27.0,40.5,25,98234597.54000014,99.95117523557656,1385,C
Eskort Deli Footlong Cheesegriller 6 x 1kg,467.12,1.0,6.0,1,98235064.66000015,99.95165051815668,1386,C
RTE: Loaded Fries,460.66,17.0,0.0,5,98235525.32000014,99.95211922785303,1387,C
"RTE: Sandwich - Bacon, Egg and Cheese",460.62,14.0,0.0,10,98235985.94000015,99.9525878968504,1388,C
Thirsti Spark - Mixers - SF Pink 250ml,458.77,48.0,12.0,34,98236444.71000014,99.95305468352039,1389,C
C&B Kasi Magic Hot & Spicy Sauce 330g,456.45,15.0,4.95,15,98236901.16000015,99.95351910965007,1390,C
Tasty Treats Krit Bacon 150g,456.28,25.0,3.75,17,98237357.44000015,99.95398336280913,1391,C
MI-Cherry Peppers (Whole) - Sweet & Tangy 400g,452.08,8.0,3.2,8,98237809.52000014,99.95444334257625,1392,C
Thirsti Spark - Mixers - Straw Lem 250ml,449.23,47.0,11.75,34,98238258.75000015,99.95490042254173,1393,C
MI-Sweet & Sour Gherkins 380g,448.57000000000005,12.0,4.5600000000000005,11,98238707.32000014,99.95535683097417,1394,C
MI-S & T Gherkins - Sandwich Sliced 380g,448.57000000000005,12.0,4.5600000000000005,9,98239155.89000013,99.95581323940661,1395,C
MI-Dill Gherkins 380g,448.56000000000006,12.0,4.5600000000000005,12,98239604.45000014,99.95626963766432,1396,C
Jungle Energy Bar Milk Chocolate 40g,444.85,32.0,1.28,25,98240049.30000013,99.95672226109248,1397,C
Tasty Treats Bites Cheddar 150g,438.0,24.0,3.6,22,98240487.30000013,99.95716791482192,1398,C
Tasty Treats Krit Spring Onion 150g,438.0,24.0,3.5999999999999996,20,98240925.30000013,99.95761356855135,1399,C
Tasty Treats Bites Sweet Chilli & Tomato 150g,438.0,24.0,3.6,20,98241363.30000013,99.95805922228078,1400,C
Thirsti Water Still (PawPatrol) 330ml,437.82,56.0,18.48,42,98241801.12000012,99.95850469286485,1401,C
Breakfast Box Combo Deal,434.76,2.0,0.0,2,98242235.88000013,99.95894704997765,1402,C
Mirinda 6 X 2Lt Orange,434.75,5.0,60.0,5,98242670.63000013,99.95938939691573,1403,C
Braai Bacon 450g Combo Deal,434.75,5.0,0.0,4,98243105.38000013,99.95983174385378,1404,C
Sogood Potjiekos Mix 100g,434.53,25.0,2.5,21,98243539.91000013,99.9602738669475,1405,C
Jungle Energy Bar Berries 40g,430.95,31.0,1.24,25,98243970.86000013,99.96071234748335,1406,C
Mrs Ball's Original Chutney 860g,426.02,7.0,6.02,6,98244396.88000013,99.96114581187105,1407,C
RTE: Lasagna Each,426.0,14.0,1.0,12,98244822.88000013,99.96157925590927,1408,C
Alb Sup Brown Rolls - 6x60g,422.46,18.0,6.4799999999999995,15,98245245.34000012,99.96200909808857,1409,C
Power Super Maize Meal 1Kg,421.65000000000003,35.0,35.0,24,98245666.99000013,99.96243811611373,1410,C
Nandos - P/P MEDIUM 125g,417.28,16.0,2.08,16,98246084.27000013,99.96286268777634,1411,C
Nandos - P/P LEMON&HERB 125g,417.28,16.0,2.08,16,98246501.55000013,99.96328725943893,1412,C
RTE: Pork Lasagne P/kg,416.46000000000004,26.0,3.19,12,98246918.01000012,99.96371099677262,1413,C
Tropika DDS Pineapple 250g,415.41,37.0,9.25,28,98247333.42000012,99.96413366575834,1414,C
Sliced French Polony 12 x 180g,413.71,3.0,6.48,2,98247747.13000011,99.96455460503779,1415,C
MI-S & T Gherkins - Hamburger Sliced 380g,411.2,11.0,4.18,9,98248158.33000012,99.96497299045684,1416,C
All Gold Tomato Sauce 700ml,411.18,11.0,7.699999999999999,11,98248569.51000012,99.9653913555264,1417,C
Thirsti Spark - Mixers - FS Blood Orange 250ml,411.0,43.0,10.75,33,98248980.51000012,99.96580953745061,1418,C
Tinkies Mini - Chocolate Potion - 30g,406.3,78.0,2.34,18,98249386.81000012,99.96622293724575,1419,C
Tropika DDS Mango250g,405.0,37.0,9.25,31,98249791.81000012,99.96663501432432,1420,C
RTE: Pork Sausage Roll Each (2 Sausages),399.9,16.0,0.0,4,98250191.71000013,99.96704190228415,1421,C
RTE: Eskort Famous Dagwood Beef,395.57,10.0,0.0,6,98250587.28000012,99.96744438458039,1422,C
Maynards Enerjelly Mini Jubes 60g,391.03000000000003,25.0,1.5,17,98250978.31000012,99.96784224754344,1423,C
Sogood Instant Custard 150g,384.20000000000005,17.0,2.55,15,98251362.51000012,99.96823316115726,1424,C
R/Box Minced Meat Seasoning 40g,384.03,26.0,26.0,25,98251746.54000013,99.96862390180044,1425,C
Vienna 125g Combo Deal,382.5,11.0,0.0,5,98252129.04000013,99.96901308570799,1426,C
Veggies 2Kg - R20 Deal,379.81,19.0,38.0,13,98252508.85000013,99.96939953260977,1427,C
RTE: Deli Pulled Pork Burger,365.12,12.0,0.0,10,98252873.97000013,99.96977103281455,1428,C
Colman's Original Worcestershire Sauce 250ml,365.12,14.0,3.5,14,98253239.09000014,99.97014253301933,1429,C
Spath - Chilli Cabanossi P/kg,362.16,7.0,1.67,6,98253601.25000013,99.97051102150026,1430,C
Cold Meat Spiced Ham P/Kg,353.82,35.0,27.14,3,98253955.07000013,99.9708710242458,1431,C
Tasty Treats Multigrain Snactive 500g,347.72,10.0,5.0,8,98254302.79000013,99.9712248203983,1432,C
Tasty Treats  Wholewheat Snactive 500g,347.70000000000005,10.0,5.0,10,98254650.49000013,99.97157859620134,1433,C
Tasty Treats Lightly Salted Crackers 100g,347.63,20.0,2.0,13,98254998.12000012,99.97193230078115,1434,C
Tasty Treats Trisk Cheddar Cheese Crackers 100g,347.62,20.0,2.0,18,98255345.74000013,99.97228599518625,1435,C
Tasty Treats Trisk Bacon Crackers 100g,347.62,20.0,2.0,16,98255693.36000013,99.97263968959133,1436,C
Festive Christmas Trees P/kg,347.32,6.0,2.13,4,98256040.68000013,99.97299307875413,1437,C
Peppadew - Piquant Pep CJ Whole 260g,346.85999999999996,9.0,2.34,7,98256387.54000013,99.97334599987876,1438,C
Maynards Sour Enerjelly Babies 60g,344.11,22.0,1.3199999999999998,18,98256731.65000013,99.97369612294916,1439,C
Nandos - SACHETS P/PERI MEDIUM New 25g,343.85,66.0,1.85,48,98257075.50000012,99.97404598147625,1440,C
Col.Hot English Mustard 168g,334.74,7.0,1.1900000000000002,7,98257410.24000011,99.97438657081275,1441,C
Col.Mild W/Grain Mustard 145g,334.74,7.0,0.9800000000000001,7,98257744.98000011,99.97472716014926,1442,C
Nandos - UMLILO HOT 90g,333.63,24.0,2.16,20,98258078.6100001,99.97506662008932,1443,C
MCC HAWAIIAN MIX 1Kg,328.93,7.0,7.0,5,98258407.54000011,99.97540129790035,1444,C
Maynards Funky Flavourz Mini Jelly Babies 60g,328.47,21.0,1.26,18,98258736.01000011,99.97573550767319,1445,C
Sogood Instant Oniongravy 100g,325.79,25.0,2.5,21,98259061.80000012,99.976066990615,1446,C
Black pepper 50g grinder,313.02,6.0,0.30000000000000004,6,98259374.82000011,99.9763854804104,1447,C
RTE: Pork Curry & Rice 500g,312.96999999999997,8.0,0.0,4,98259687.79000011,99.9767039193321,1448,C
Jimmy's Sauces Sweet Mustard 750ml,312.96,8.0,6.0,8,98260000.7500001,99.97702234807903,1449,C
Nandos - P/P EXTRA EX HOT 125g,312.96,12.0,1.56,12,98260313.7100001,99.97734077682598,1450,C
Nandos - P/P EXTRA HOT 125g,312.96,12.0,1.55,11,98260626.67000009,99.97765920557292,1451,C
Nestle Pure Life Still 750ml,312.75,24.0,18.0,20,98260939.42000009,99.97797742065028,1452,C
Rooibaard Braai Spice 200ml,309.54,6.0,1.2000000000000002,6,98261248.9600001,99.97829236963524,1453,C
Peppadew Splash On Sauce-Mild 125ml,299.08,10.0,1.3,10,98261548.0400001,99.97859667583934,1454,C
Thirsti Water Still (Barbie) 330ml,297.07,38.0,12.540000000000001,27,98261845.11000009,99.97889893692016,1455,C
Peppadew Piquante Whole Sweet Pepper - Mild 400g,295.59,7.0,2.8000000000000003,7,98262140.70000009,99.97919969213908,1456,C
Sauces Retail Braai Basting - 750ml,292.99,7.0,5.25,7,98262433.69000009,99.9794978019249,1457,C
Beef Biltong P/kg (HBG),288.02,1.0,0.0,2,98262721.71000008,99.97979085486358,1458,C
Thirsti Spark - Mixers - SF Tonic 250ml,286.75,30.0,7.5,25,98263008.46000008,99.98008261560997,1459,C
Sweet Potato 1Kg,285.21000000000004,4.0,4.0,3,98263293.67000008,99.98037280944597,1460,C
Eskort Crumbed Pork Fingers 450g x 9,284.36,1.0,3.6,1,98263578.03000008,99.98066213842885,1461,C
Mashed Butternut 1Kg,278.24,4.0,4.0,4,98263856.27000007,99.98094524046921,1462,C
Jungle Energy Bar Nuts 40g,278.03,20.0,0.8,17,98264134.30000007,99.98122812883997,1463,C
Pork Rinds,278.01,1.0,15.55,1,98264412.31000008,99.98151099686126,1464,C
RTE: Frikkadels Deluxe,276.71,7.0,0.83,7,98264689.02000007,99.98179254216598,1465,C
Chicken Spice Refill Box,265.89,18.0,0.9,15,98264954.91000007,99.98206307839914,1466,C
Qualifresh Worcester Sprinkle 50g,265.87,18.0,0.9,17,98265220.78000008,99.9823335942828,1467,C
Transport Zone 2 : 6 - 15 KM,260.86,2.0,2.0,1,98265481.64000008,99.98259901262038,1468,C
Valpre Spring Water Sparkling 1L,259.95,23.0,0.0,16,98265741.59000008,99.98286350505637,1469,C
Tropika DDS Orange 250g,259.89,23.0,5.75,22,98266001.48000008,99.98312793644392,1470,C
Thirsti Spark - Mixers - FS Tonic 250ml,258.1,27.0,6.75,25,98266259.58000007,99.98339054655251,1471,C
Sliced Sandwich Ham MAP 12x125g,254.28,1.0,1.5,1,98266513.86000007,99.98364926990942,1472,C
Eskort Kapana Polony 6 x (5 x 80g),250.91,2.0,4.8,2,98266764.77000007,99.98390456437801,1473,C
Clover Krush Cranberry 1.5Lt,250.38,6.0,9.0,6,98267015.15000007,99.98415931958526,1474,C
Tasty Treats Saltine Whole Wheat 100g,250.3,24.0,2.4000000000000004,22,98267265.45000006,99.98441399339457,1475,C
Tasty Treats Saltine Plain 100g,250.27,24.0,2.4000000000000004,19,98267515.72000006,99.98466863667964,1476,C
Maynards Red and Black Jellies 60g,250.25,16.0,0.96,15,98267765.97000006,99.98492325961524,1477,C
Quinns Brown Vinegar 750ml,249.38,21.0,15.75,20,98268015.35000005,99.98517699734822,1478,C
Fresh Marinated Belly Ribs per kg RW,247.79999999999998,3.0,3.0,3,98268263.15000005,99.98542912747186,1479,C
Soft Drink Lemon Twist 440ml,240.24,24.0,10.56,1,98268503.39000005,99.98567356549002,1480,C
Switch Tutti-frutti 500ml,237.25,21.0,10.5,15,98268740.64000005,99.98591496126014,1481,C
TV Bar White 52g,236.3,17.0,0.8500000000000001,17,98268976.94000004,99.98615539042969,1482,C
Gold medal mini pork sausage 375g combo promo,234.75,3.0,0.0,2,98269211.69000004,99.98639424251412,1483,C
Pepsi Light 6 X 2Lt,234.75,3.0,36.0,3,98269446.44000004,99.98663309459856,1484,C
Savoury Platter,234.75,3.0,2.0,2,98269681.19000004,99.98687194668301,1485,C
Kenny's Crackling Fruit Chutney 90g,234.71999999999997,9.0,0.8099999999999999,9,98269915.91000004,99.98711076824321,1486,C
Maynards Sweet and Sours Jubes 60g,234.62,15.0,0.8999999999999999,12,98270150.53000005,99.98734948805601,1487,C
De Vries Canelle  250g,229.44000000000003,12.0,3.0,11,98270379.97000004,99.98758293735209,1488,C
Thirsti Spark - Mixers - FS Pink 250ml,229.41,24.0,6.0,21,98270609.38000004,99.98781635612393,1489,C
Eskort Blaas Grafie (Blower & Shovel),226.08,2.0,2.0,1,98270835.46000004,99.98804638670646,1490,C
Fattis & Monis - Macaroni 3kg,226.06,2.0,6.0,2,98271061.52000004,99.98827639693951,1491,C
MI-Sweet & Tangy Gherkins 380g,224.28000000000003,6.0,2.2800000000000002,6,98271285.80000004,99.98850459606837,1492,C
TV Bar Milk 47g,222.41,16.0,0.79,14,98271508.21000004,99.98873089252032,1493,C
Eskort Sliced Pepperoni Loaf 12 x 180g,221.07,1.0,2.16,1,98271729.28000003,99.98895582555679,1494,C
Col.Spray & Cook Original 300ml,217.35,5.0,1.5,5,98271946.63000003,99.98917697358894,1495,C
SAMOOSA POTATO 12s,217.35,5.0,1.4000000000000001,5,98272163.98000002,99.98939812162111,1496,C
Nandos - PERI PERI EXTRA EXTRA HOT 250ML,217.35,5.0,1.25,5,98272381.33000001,99.98961926965329,1497,C
MI-Italian Style Peeled Diced Tomatoes 410g,217.3,10.0,4.1,10,98272598.63000001,99.98984036681175,1498,C
Mrs Balls Chutney Original 375g,213.01,7.0,2.66,7,98272811.64000002,99.9900570990056,1499,C
PPD Sweet jalapeno peppers mild halves 400g,213.0,5.0,2.0,5,98273024.64000002,99.99027382102472,1500,C
Eskort Branded Braai Tong,208.68,2.0,0.7,2,98273233.32000002,99.99048614755498,1501,C
Kenny's Crackling Sweet Chilli 90g,208.64,8.0,0.72,8,98273441.96000002,99.99069843338629,1502,C
Tasty Treats Saltee Lightly Salted  200g,208.57,12.0,2.4000000000000004,11,98273650.53000002,99.99091064799438,1503,C
Tastic Parboiled Rice 10kg,199.99,1.0,10.0,1,98273850.52000001,99.99111413267326,1504,C
RTE: Pork Stew only 406g,195.60000000000002,6.0,0.0,2,98274046.12,99.9913131506401,1505,C
Krush Juice 100% Guava 500ml,195.57,9.0,4.5,7,98274241.69,99.9915121380827,1506,C
RTE: Chips/Russian - Fried Unions,193.81,11.0,3.0,2,98274435.5,99.9917093347706,1507,C
Col.Dijon Mustard 162g,191.26999999999998,4.0,0.64,3,98274626.77,99.99190394707385,1508,C
Crown National Spice-O-Mat Shaker 100g,191.17999999999998,11.0,1.1,11,98274817.95,99.99209846780445,1509,C
Thirsti Spark - Mixers - Soda Water 250ml,191.17000000000002,20.0,5.0,17,98275009.12,99.99229297836028,1510,C
MI-Chakalaka Mild 410g,187.76,8.0,3.28,7,98275196.88000001,99.99248401932887,1511,C
BC - Refreshhh 2Lt Pink Lemonade,187.74,16.0,32.0,14,98275384.62,99.99267503994797,1512,C
Clover Full Cream Milk 300ml,181.86,14.0,14.0,11,98275566.48,99.99286007781836,1513,C
Umlando No Pork Braaiwors 6 x 720g,181.74,1.0,4.32,1,98275748.22,99.99304499359184,1514,C
Maynards Fruity Flav Dual Magic Jellies 60g,172.07,11.0,0.6599999999999999,8,98275920.28999999,99.99322007038914,1515,C
RTE: Eisbein Oven Baked p/kg,169.63,6.0,2.06,6,98276089.91999999,99.99339266454925,1516,C
Cape Fruit - Fruit Cocktail Delight 5 Lt,165.21,1.0,5.0,1,98276255.12999998,99.99356076147308,1517,C
Stopped Code,157.38,1.0,1.0,1,98276412.50999998,99.99372089157337,1518,C
MI-Cherry Peppers (Chopped) - Sweet & Tangy 400g,156.51,3.0,1.2000000000000002,3,98276569.01999998,99.99388013647109,1519,C
Eskort Deli Flaked Ham 1kg,156.5,2.0,2.0,2,98276725.51999998,99.99403937119405,1520,C
Black Cat Bar Peanut Crunch 48g,152.91,11.0,0.55,10,98276878.42999998,99.99419495318439,1521,C
Bonaqua Strawberry Flavoured Water 500ml,146.87,13.0,6.0,7,98277025.29999998,99.99434438963016,1522,C
CREAMLINE DAIRY BLEND 1L,146.01999999999998,12.0,12.0,10,98277171.31999998,99.99449296122278,1523,C
Supplier Promo Card,144.42000000000002,5.0,167.76,2,98277315.73999998,99.99463990485657,1524,C
Col.American Mustard 167g,143.46,3.0,0.51,3,98277459.19999997,99.99478587171508,1525,C
Mrs Balls Sweet Chilli Sauce 360g,143.45000000000002,5.0,1.7999999999999998,5,98277602.64999998,99.99493182839883,1526,C
Mageu creamy vannila 500ml,143.35,11.0,5.5,9,98277745.99999997,99.99507768333517,1527,C
RTE: 2 Piece Chicken & Pap + Switch,135.62,4.0,0.0,2,98277881.61999997,99.99521567319542,1528,C
Clover Bliss Yoghurt 150g,135.54000000000002,13.0,1.95,6,98278017.15999998,99.99535358165772,1529,C
Marinated Chicken Braai Burgers 800G,130.41,3.0,0.0,1,98278147.56999998,99.99548627047702,1530,C
MI-Indian Style Peeled Diced Tomatoes 410g,130.38,6.0,2.46,4,98278277.94999997,99.99561892877209,1531,C
RTE: Soup Cup,126.48,6.0,0.0,8,98278404.42999998,99.99574761891753,1532,C
Koo Mixed Vegetables 410g,119.94999999999999,6.0,2.46,2,98278524.37999998,99.99586966495599,1533,C
Loose Mini Viennas,113.72,1.0,132.1,1,98278638.09999998,99.99598537212975,1534,C
Festive Value Pack,113.03,1.0,1.0,1,98278751.12999998,99.9961003772463,1535,C
Switch - Springbok Sugar Free 500ml,113.0,10.0,5.0,1,98278864.12999998,99.99621535183859,1536,C
STOPPED Code,110.04,1.0,0.71,1,98278974.16999999,99.99632731470706,1537,C
Smoked Pork Neck Steaks p/kg Butchery,108.46,1.0,1.01,1,98279082.62999998,99.99643766996617,1538,C
All Gold Tomato Sauce Hot & Spicy 500ml,104.31,3.0,1.5,3,98279186.93999998,99.99654380270708,1539,C
Sunbake Cocktail Seed Rolls 6,99.96,5.0,2.0,2,98279286.89999998,99.99664550943491,1540,C
Farmers Deli Back Bacon 200g,99.94999999999999,149.0,29.8,3,98279386.84999998,99.99674720598802,1541,C
Clover Yoghurt Smooth Strawberry 6x100g,95.6,6.0,6.0,3,98279482.44999997,99.99684447652804,1542,C
Tinkies - Half & Half Strawberry & Vanilla 45g,95.56,11.0,0.51,6,98279578.00999998,99.9969417063691,1543,C
Hocks : Pickled Hocks Oven Baked per kg RW,89.44,2.0,1.14,2,98279667.44999997,99.99703270926764,1544,C
Eskort Spiced Pork Belly Roast p/kg UP,88.73,1.0,0.79,1,98279756.17999998,99.99712298975946,1545,C
RTE: Full Chicken,86.95,1.0,0.0,1,98279843.12999998,99.99721145914707,1546,C
Monster Energy Drink Ultra 500ml,86.91,5.0,5.0,4,98279930.03999998,99.99729988783571,1547,C
Mageu Number 1 Banana Custard 500ml,83.41,6.0,3.0,5,98280013.44999997,99.99738475536441,1548,C
Crumbed Chicken Nuggets 1Kg (FLAND),82.6,1.0,1.0,1,98280096.04999997,99.99746879873895,1549,C
Spinach & Potato 1Kg,80.86,1.0,1.0,1,98280176.90999997,99.99755107170827,1550,C
Eskort BBQ Spare Ribs Pre-Cooked 500g FR,75.64,1.0,0.5,1,98280252.54999997,99.99762803346191,1551,C
RTE: Bacon Pie,71.94,1.0,0.87,1,98280324.48999996,99.99770123056075,1552,C
Pig Heads with Cheeks per kg HDB STOPPED,71.73,1.0,4.59,1,98280396.21999997,99.99777421399001,1553,C
RTE: Potato & Pork Belly Bake,71.26,5.0,0.9199999999999999,6,98280467.47999997,99.99784671920636,1554,C
Frankfurters 500g,69.54,2.0,1.0,2,98280537.01999998,99.99791747436697,1555,C
Alb Sup Low Gi Wholeweat Brown Bread  - 800g,67.97,3.0,2.4000000000000004,3,98280604.98999998,99.99798663209297,1556,C
MI-Mexican Style Peeled Diced Tomatoes 410g,65.19,3.0,1.23,3,98280670.17999998,99.99805296124052,1557,C
Beef Tongue,63.47,1.0,1.0,1,98280733.64999998,99.99811754033232,1558,C
2 x RUSSIAN & CHIPS,62.57,4.0,0.0,1,98280796.21999997,99.99818120369726,1559,C
RTE: Pap & Prego Steak,60.86,2.0,0.0,2,98280857.07999997,99.99824312718121,1560,C
Koo Vegetable Curry 420g,59.97,3.0,1.26,2,98280917.04999997,99.99830414511307,1561,C
RTE: Sandwich - Cheese and Tomato,59.97,3.0,0.0,1,98280977.01999997,99.99836516304494,1562,C
Fattis & Monis - Spaghetti 500g,57.37,3.0,1.5,1,98281034.38999997,99.9984235355437,1563,C
Tinkies Mini - Strawberry Tingle - 30g,57.3,11.0,0.32999999999999996,5,98281091.68999997,99.99848183681925,1564,C
Alb Sup Best of Both - 700g,55.62,3.0,2.0999999999999996,3,98281147.30999997,99.99853842873804,1565,C
RTE: Butternut Salad,55.5,4.0,0.61,5,98281202.80999997,99.99859489855993,1566,C
RB - Premium Meat Paint Basting 350ml,52.17,1.0,0.35,1,98281254.97999997,99.9986479801925,1567,C
RTE: Shisa Nyama,52.16,2.0,0.0,2,98281307.13999997,99.99870105165031,1568,C
Butternut 7kg,49.99,1.0,7.0,1,98281357.12999997,99.99875191518898,1569,C
RTE: Pork Fillet P/kg,48.97,8.0,0.35,2,98281406.09999996,99.99880174090389,1570,C
Nestle Pure Life Sparkling 500ml,47.82,1.0,0.5,1,98281453.91999996,99.99885039652338,1571,C
Kenny's Pork Crackling Bacon Per kg,47.41,0.0,0.0,1,98281501.32999995,99.99889863497843,1572,C
Alb Ultima Kilojoule Con. Brown Bread - 500g,43.98,2.0,1.0,2,98281545.30999996,99.99894338349674,1573,C
Kenny's Pork Crackling Kaiings Sweet Chilli per k,43.76,1.0,0.15,1,98281589.06999996,99.99898790817072,1574,C
RTE - MINI MEATY PIZZA,43.47,1.0,0.13,1,98281632.53999996,99.99903213777715,1575,C
Frio Red Vienna 1kg,43.47,1.0,1.0,1,98281676.00999996,99.9990763673836,1576,C
Tinkies - Half & Half Chocolate & Vanilla 45g,43.44,5.0,0.22999999999999998,2,98281719.44999996,99.99912056646579,1577,C
Clover Bliss Choc Chip Yoghurt 150g,41.71,4.0,0.6,3,98281761.15999995,99.99916300531751,1578,C
Alb Sup Brown Bread Thick Slice - 700g,39.98,2.0,1.4,2,98281801.13999996,99.99920368393876,1579,C
Coo-ee 2lt Pineapple,39.96,3.0,6.0,3,98281841.09999995,99.9992443422105,1580,C
Boereboontjies 500g,39.12,1.0,0.5,1,98281880.21999995,99.99928414580388,1581,C
Cooking With Footlong Viennas 1kg,38.25,1.0,1.0,1,98281918.46999995,99.99932306419464,1582,C
Fattis & Monis - Macaroni 500g,38.24,2.0,1.0,1,98281956.70999995,99.99936197241064,1583,C
Cabanossi p/kg,36.52,1.0,0.21,1,98281993.22999994,99.99939913057091,1584,C
Alb Sup White Low GI Bread - 700g,34.76,2.0,1.4,2,98282027.98999995,99.99943449797647,1585,C
Alb Sup White Bread Thick Slice - 700g,34.76,2.0,1.4,2,98282062.74999996,99.99946986538204,1586,C
Smoked Pork Neck Roast p/kg BULK ONLY,34.12,1.0,0.33,1,98282096.86999996,99.99950458160407,1587,C
BBQ Pork Belly Ribs,32.05,0.0,0.0,1,98282128.91999996,99.99953719165437,1588,C
Reboost Plus Immune Boost Triple Citrus 500ml,31.29,3.0,1.5,3,98282160.20999996,99.99956902842422,1589,C
Peppadew Splash On Sauce-Hot 125ml,28.69,1.0,0.13,1,98282188.89999996,99.99959821976097,1590,C
RTE: Boiled Egg,27.76,7.0,3.0,5,98282216.65999997,99.99962646484666,1591,C
Eskort Sliced Cooked Ham MAP 125g,26.08,1.0,0.13,1,98282242.73999996,99.99965300057556,1592,C
Mister Sweets Mini Wine Gums 60g,26.06,2.0,0.12,2,98282268.79999997,99.999679515955,1593,C
Dry Wors Beef HBG P/kg,24.56,1.0,0.13,1,98282293.35999997,99.99970450512302,1594,C
Crème Soda 400ml,24.35,2.0,0.8,1,98282317.70999996,99.99972928062144,1595,C
Alb Sup Brown Seed Bread Low GI - 700g,23.99,1.0,0.7,1,98282341.69999996,99.99975368982913,1596,C
Kenny's Pork Crackling Kaiings Bacon per kg,23.71,0.0,0.0,1,98282365.40999995,99.99977781414403,1597,C
MI-Chakalaka Hot 410g,23.47,1.0,0.41,1,98282388.87999995,99.99980169426509,1598,C
Soft Drink Pine Nut 2L,22.6,1.0,1.0,1,98282411.47999994,99.99982468918354,1599,C
Cold Meat Brawn Selection P/Kg,21.73,1.0,1.0,1,98282433.20999995,99.9998467988994,1600,C
Transport Zone 1 : 0 - 5 KM,21.3,1.0,1.0,1,98282454.50999995,99.99986847110131,1601,C
Gold Medal Pork Sausages per kg RW,18.5,0.0,0.0,1,98282473.00999995,99.99988729437527,1602,C
Tastic Parboiled Rice 500g,15.99,1.0,0.5,1,98282488.99999994,99.9999035637888,1603,C
Soft Drink Sprite 1Lt,14.77,1.0,1.0,1,98282503.76999994,99.99991859188374,1604,C
Standard Buns 3s,13.03,1.0,0.3,1,98282516.79999994,99.99993184957346,1605,C
Soft Drinks Twizza Iron Brew 2 litre,12.17,1.0,2.0,1,98282528.96999994,99.99994423223531,1606,C
Non Stock - Subscriptions,12.04,14.0,0.0,14,98282541.00999995,99.99995648262549,1607,C
"Clover Danao Yoghurt Trop/Fruit, Smooth 330ml",11.3,1.0,1.0,1,98282552.30999994,99.99996798008472,1608,C
RTE: Greek Salad,8.76,1.0,0.13,1,98282561.06999995,99.99997689315931,1609,C
Eskort Crumbed Pork Schnitzel P/Kg,8.49,0.0,0.0,1,98282569.55999994,99.99998553151585,1610,C
Red Viennas Loose per kg RW STOPPED,6.02,7.0,7.0,7,98282575.57999994,99.99999165671095,1611,C
Lay's Chips Salted 200g,5.15,1.0,0.25,1,98282580.72999994,99.99999689670342,1612,C
Straws,1.72,2.0,0.0,2,98282582.44999994,99.99999864675917,1613,C
Bags Polyethylene Vacuum 100 Micron Clear 300 x 40,0.86,1.0,0.01,1,98282583.30999994,99.99999952178703,1614,C
SpringBOX Cooler,0.47,47.0,0.0,7,98282583.77999994,99.99999999999994,1615,C
